/Game/Mods/ARKParados/Dinos/Frozen/Allo/Saddle/PrimalItemArmor_Frozen_AlloSaddle.PrimalItemArmor_Frozen_AlloSaddle,Frozen Allosaurus saddle
/Game/Mods/ARKParados/Dinos/Frozen/Archa/Saddle/PrimalItemArmor_FrozenArchaSaddle.PrimalItemArmor_FrozenArchaSaddle,Frozen Archa saddle
/Game/Mods/ARKParados/Dinos/Frozen/Bronto/Saddle/PrimalItemArmor_FrozenSauroSaddle.PrimalItemArmor_FrozenSauroSaddle,Frozen Brontosaurus saddle
/Game/Mods/ARKParados/Dinos/Frozen/Bronto/Plattform/PrimalItemArmor_SauroSaddle_Platform_Frozen.PrimalItemArmor_SauroSaddle_Platform_Frozen,Frozen Bronto Plattform saddle
/Game/Mods/ARKParados/Dinos/Frozen/Bee/Saddle/PrimalItemArmor_FrozenBeeSaddle.PrimalItemArmor_FrozenBeeSaddle,Frozen Bee saddle
/Game/Mods/ARKParados/Dinos/Frozen/Pug/Saddle/PrimalItemArmor_FrozenPugSaddle.PrimalItemArmor_FrozenPugSaddle,Frozen Bulbdog saddle
/Game/Mods/ARKParados/Dinos/Frozen/Direwolf/Saddle/PrimalItemArmor_FrozenDirewolf_Saddle.PrimalItemArmor_FrozenDirewolf_Saddle,Frozen Direwolf saddle
/Game/Mods/ARKParados/Dinos/Frozen/Griffin/Saddle/PrimalItemArmor_Frozen_Griffin.PrimalItemArmor_Frozen_Griffin,Frozen Griffin saddle
/Game/Mods/ARKParados/Dinos/Frozen/Mantis/Saddle/PrimalItemArmor_FrozenMantisSaddle.PrimalItemArmor_FrozenMantisSaddle,Frozen Mantis saddle
/Game/Mods/ARKParados/Dinos/Frozen/managarmr/Saddle/PrimalItemArmor_FrozenIceJumperSaddle.PrimalItemArmor_FrozenIceJumperSaddle,Frozen Managarmr saddle
/Game/Mods/ARKParados/Dinos/Frozen/Owl/Saddle/PrimalItemArmor_FrozenOwlSaddle.PrimalItemArmor_FrozenOwlSaddle,Frozen Owl saddle
/Game/Mods/ARKParados/Dinos/Frozen/Pegasus/Saddle/PrimalItemArmor_Frozen_PegasusSaddle.PrimalItemArmor_Frozen_PegasusSaddle,Frozen Pegasus saddle
/Game/Mods/ARKParados/Dinos/Frozen/Saber/Saddle/PrimalItemArmor_FrozenSaberSaddle.PrimalItemArmor_FrozenSaberSaddle,Frozen Sabertooth saddle
/Game/Mods/ARKParados/Dinos/Frozen/Shinehorn/Saddle/PrimalItemArmor_FrozenShinehornSaddle.PrimalItemArmor_FrozenShinehornSaddle,Frozen Shinehorn saddle
/Game/Mods/ARKParados/Dinos/Frozen/Sarco/Saddle/PrimalItemArmor_FrozenSarcoSaddle.PrimalItemArmor_FrozenSarcoSaddle,Frozen Sarco saddle
/Game/Mods/ARKParados/Dinos/Frozen/Theri/saddle/PrimalItemArmor_Frozen_TherizinosaurusSaddle.PrimalItemArmor_Frozen_TherizinosaurusSaddle,Frozen Therizinosaurus saddle
/Game/Mods/ARKParados/Dinos/Frozen/Thorny/Saddle/PrimalItemArmor_FrozenSpineyLizardSaddle.PrimalItemArmor_FrozenSpineyLizardSaddle,Frozen Thorny Dragon saddle
/Game/Mods/ARKParados/Dinos/Frozen/Vulture/Saddle/PrimalItemArmor_FrozenVultureSaddle.PrimalItemArmor_FrozenVultureSaddle,Frozen Vulture saddle
/Game/Mods/ARKParados/Dinos/Frozen/Wyvern/Saddle/PrimalItemArmor_Saddle_Wyvern_Frozen.PrimalItemArmor_Saddle_Wyvern_Frozen,Frozen Wyvern saddle
/Game/Mods/ARKParados/Dinos/Wicked/Archa/Saddle/PrimalItemArmor_Wicked_ArchaSaddle.PrimalItemArmor_Wicked_ArchaSaddle,Wicked Archa saddle
/Game/Mods/ARKParados/Dinos/Wicked/Ankylo/Saddle/PrimalItemArmor_WickedAnkyloSaddle.PrimalItemArmor_WickedAnkyloSaddle,Wicked Ankylo saddle
/Game/Mods/ARKParados/Dinos/Wicked/Argen/Saddle/PrimalItemArmor_WickedArgentavisSaddle.PrimalItemArmor_WickedArgentavisSaddle,Wicked Argent saddle
/Game/Mods/ARKParados/Dinos/Wicked/Bronto/Saddle/PrimalItemArmor_WickedBronto1Saddle.PrimalItemArmor_WickedBronto1Saddle,Wicked Bronto saddle
/Game/Mods/ARKParados/Dinos/Wicked/Bronto/Platform/PrimalItemArmor_SauroSaddle_Platform_Wicked.PrimalItemArmor_SauroSaddle_Platform_Wicked,Wicked Bronto Platform saddle
/Game/Mods/ARKParados/Dinos/Wicked/Carno/Saddle/PrimalItemArmor_WickedCarnoSaddle.PrimalItemArmor_WickedCarnoSaddle,Wicked Carno saddle
/Game/Mods/ARKParados/Dinos/Wicked/direbear/Saddle/PrimalItemArmor_WickedDireBearSaddle.PrimalItemArmor_WickedDireBearSaddle,Wicked Direbear saddle
/Game/Mods/ARKParados/Dinos/Flaming/Horse/Saddle/PrimalItemArmor_WickedHorseSaddle.PrimalItemArmor_WickedHorseSaddle,Wicked Equus saddle
/Game/Mods/ARKParados/Dinos/Wicked/Glowtail/Saddle/PrimalItemArmor_Wicked_GlowtailSaddle.PrimalItemArmor_Wicked_GlowtailSaddle,Wicked Glowtail saddle
/Game/Mods/ARKParados/Dinos/Wicked/Griffin/Saddle/PrimalItemArmor_Wicked_griffin.PrimalItemArmor_Wicked_griffin,Wicked Griffin saddle
/Game/Mods/ARKParados/Dinos/Wicked/Giga/Saddle/PrimalItemArmor_WickedGigantSaddle.PrimalItemArmor_WickedGigantSaddle,Wicked Giganotosaurus saddle
/Game/Mods/ARKParados/Dinos/Wicked/Megatherium/Saddle/PrimalItemArmor_WickedMegatheriumSaddle.PrimalItemArmor_WickedMegatheriumSaddle,Wicked Megatherium saddle
/Game/Mods/ARKParados/Dinos/Wicked/Mammoth/Saddle/PrimalItemArmor_WickedMammothSaddle.PrimalItemArmor_WickedMammothSaddle,Wicked Mammoth saddle
/Game/Mods/ARKParados/Dinos/Wicked/Sheep/Saddle/PrimalItemArmor_Wicked_SheepSaddle.PrimalItemArmor_Wicked_SheepSaddle,Wicked Sheep saddle
/Game/Mods/ARKParados/Dinos/Wicked/Owl/Saddle/PrimalItemArmor_WIckedOwlSaddle.PrimalItemArmor_WIckedOwlSaddle,Wicked Owl saddle
/Game/Mods/ARKParados/Dinos/Wicked/Ptero/Saddle/PrimalItemArmor_Wicked_ptera.PrimalItemArmor_Wicked_ptera,Wicked Pteranodon saddle
/Game/Mods/ARKParados/Dinos/Wicked/Rockdrake/Saddle/PrimalItemArmor_WickedRockDrakeSaddle.PrimalItemArmor_WickedRockDrakeSaddle,Wicked Rock Drake saddle
/Game/Mods/ARKParados/Dinos/Wicked/Raptor/Saddle/PrimalItemArmor_WickedRaptorSaddle.PrimalItemArmor_WickedRaptorSaddle,Wicked Raptor saddle
/Game/Mods/ARKParados/Dinos/Wicked/Rex/Saddle/PrimalItemArmor_WickedRexSaddle.PrimalItemArmor_WickedRexSaddle,Wicked Rex saddle
/Game/Mods/ARKParados/Dinos/Wicked/Spino/Saddle/PrimalItemArmor_Wicked_SpinoSaddle.PrimalItemArmor_Wicked_SpinoSaddle,Wicked Spino saddle
/Game/Mods/ARKParados/Dinos/Wicked/Shinehorn/Saddle/PrimalItemArmor_Wicked_ShinehornSaddle.PrimalItemArmor_Wicked_ShinehornSaddle,Wicked Shinehorn saddle
/Game/Mods/ARKParados/Dinos/Wicked/Pulmonoscorpius/Saddle/PrimalItemArmor_WickedScorpionSaddle.PrimalItemArmor_WickedScorpionSaddle,Wicked Scorpion saddle
/Game/Mods/ARKParados/Dinos/Wicked/Boa/Saddle/PrimalItemArmor_Wicked_TitanoBoaSaddle.PrimalItemArmor_Wicked_TitanoBoaSaddle,Wicked Titanoboa saddle
/Game/Mods/ARKParados/Dinos/Wicked/Tapa/Saddle/PrimalItemArmor_WickedTapejaraSaddle.PrimalItemArmor_WickedTapejaraSaddle,Wicked Tapejara saddle
/Game/Mods/ARKParados/Dinos/Wicked/Thorny/Saddle/PrimalItemArmor_WickedSpineyLizardSaddle.PrimalItemArmor_WickedSpineyLizardSaddle,Wicked Thorny Dragon saddle
/Game/Mods/ARKParados/Dinos/Wicked/Wyvern/Saddle/PrimalItemArmor_Saddle_Wyvern_Wicked.PrimalItemArmor_Saddle_Wyvern_Wicked,Wicked Wyvern saddle
/Game/Mods/ARKParados/Dinos/Ruthless/Argen/Saddle/PrimalItemArmor_RuthlessArgentavisSaddle.PrimalItemArmor_RuthlessArgentavisSaddle,Ruthless Argent saddle
/Game/Mods/ARKParados/Dinos/Ruthless/Direbear/Saddle/PrimalItemArmor_RuthlessDireBearSaddle.PrimalItemArmor_RuthlessDireBearSaddle,Ruthless Dire bear saddle
/Game/Mods/ARKParados/Dinos/Ruthless/Featherlight/Saddle/PrimalItemArmor_Ruthless_FeatherlightSaddle.PrimalItemArmor_Ruthless_FeatherlightSaddle,Ruthless Featherlight saddle
/Game/Mods/ARKParados/Dinos/Ruthless/Ptero/Saddle/PrimalItemArmor_Ruthles_ptero.PrimalItemArmor_Ruthles_ptero,Ruthless Pteranodon saddle
/Game/Mods/ARKParados/Dinos/Ruthless/Pachy/Saddle/PrimalItemArmor_RuthlessPachySaddle.PrimalItemArmor_RuthlessPachySaddle,Ruthless Pachy saddle
/Game/Mods/ARKParados/Dinos/Ruthless/Rex/Saddle/PrimalItemArmor_RUTHRexSaddle.PrimalItemArmor_RUTHRexSaddle,Ruthless Rex saddle
/Game/Mods/ARKParados/Dinos/Ruthless/Vulture/Saddle/PrimalItemArmor_Ruthless_VultureSaddle.PrimalItemArmor_Ruthless_VultureSaddle,Ruthless Vulture saddle
/Game/Mods/ARKParados/Dinos/Ruthless/Sarco/Saddle/PrimalItemArmor_RuthlessSarcoSaddle.PrimalItemArmor_RuthlessSarcoSaddle,Ruthless Sarco saddle
/Game/Mods/ARKParados/Dinos/Ruthless/Raptor/Saddle/PrimalItemArmor_Ruthless_RaptorSaddle.PrimalItemArmor_Ruthless_RaptorSaddle,Ruthless Raptor saddle
/Game/Mods/ARKParados/Dinos/Ruthless/Pegasus1/Saddle/PrimalItemArmor_Ruthless_PegasusSaddle.PrimalItemArmor_Ruthless_PegasusSaddle,Ruthless Pegasus saddle
/Game/Mods/ARKParados/Dinos/Ruthless/Terrorbird/Saddle/PrimalItemArmor_RuthlessTerrorBirdSaddle.PrimalItemArmor_RuthlessTerrorBirdSaddle,Ruthless Terror Bird saddle
/Game/Mods/ARKParados/Dinos/Ruthless/Wyvern/Saddle/PrimalItemArmor_Saddle_Wyvern_Ruthless.PrimalItemArmor_Saddle_Wyvern_Ruthless,Ruthless Wyvern saddle
/Game/Mods/ARKParados/Dinos/Flaming/Archa/Saddle/PrimalItemArmor_FlamingArchaSaddle.PrimalItemArmor_FlamingArchaSaddle,Flaming Archa saddle
/Game/Mods/ARKParados/Dinos/Flaming/Beaver/Saddle/PrimalItemArmor_iFlamingBeaverSaddle.PrimalItemArmor_iFlamingBeaverSaddle,Flaming Castoroides saddle
/Game/Mods/ARKParados/Dinos/Flaming/Direbear/Saddle/PrimalItemArmor_FlamingDireBearSaddle.PrimalItemArmor_FlamingDireBearSaddle,Flaming Dire Bear saddle
/Game/Mods/ARKParados/Dinos/Flaming/Gasbags/Saddle/PrimalItemArmorFlamingGasBagsSaddle.PrimalItemArmorFlamingGasBagsSaddle,Flaming Gasbags saddle
/Game/Mods/ARKParados/Dinos/Flaming/Hyenodon/Saddle/PrimalItemArmor_FlamingHyaenodonSaddle.PrimalItemArmor_FlamingHyaenodonSaddle,Flaming Hyaenodon saddle
/Game/Mods/ARKParados/Dinos/Christmas/managarmr/Saddle/PrimalItemArmor_FlmaingIceJumperSaddle.PrimalItemArmor_FlmaingIceJumperSaddle,Flaming Managarmr saddle
/Game/Mods/ARKParados/Dinos/Flaming/Morella/Saddle/PrimalItemArmor_FlamingCamelsaurusSaddle.PrimalItemArmor_FlamingCamelsaurusSaddle,Flaming Morellatops saddle
/Game/Mods/ARKParados/Dinos/Flaming/Owl/Saddle/PrimalItemArmor_FlamingOwlSaddle.PrimalItemArmor_FlamingOwlSaddle,Flaming Owl saddle
/Game/Mods/ARKParados/Dinos/Flaming/Pegasus/Saddle/PrimalItemArmor_Flaming_PegasusSaddle.PrimalItemArmor_Flaming_PegasusSaddle,Flaming Pegasus saddle
/Game/Mods/ARKParados/Dinos/Flaming/Ptero/Saddle/PrimalItemArmFlamingPteroSaddle.PrimalItemArmFlamingPteroSaddle,Flaming Pteranodon saddle
/Game/Mods/ARKParados/Dinos/Flaming/Para/Saddle/PrimalItemArmor_FlamingParaSaddle.PrimalItemArmor_FlamingParaSaddle,Flaming Parasaur saddle
/Game/Mods/ARKParados/Dinos/Flaming/Frog/Saddle/PrimalItemArmor_FlamingToadSaddle.PrimalItemArmor_FlamingToadSaddle,Flaming Beelzebufo saddle
/Game/Mods/ARKParados/Dinos/Flaming/Rhino/Saddle/PrimalItemArmor_FlamingRhinoSaddle.PrimalItemArmor_FlamingRhinoSaddle,Flaming Rhino saddle
/Game/Mods/ARKParados/Dinos/Flaming/Thyla/Saddle/PrimalItemArmor_FlamingThylacoSaddle.PrimalItemArmor_FlamingThylacoSaddle,Flaming Thylacoleo saddle
/Game/Mods/ARKParados/Dinos/Flaming/Tropeognathus/Saddle/PrimalItemArmor_FlamingTropeSaddle.PrimalItemArmor_FlamingTropeSaddle,Flaming Tropeognathus saddle
/Game/Mods/ARKParados/Dinos/Flaming/Terrorbird/Saddle/PrimalItemArmor_FlamingTerrorBirdSaddle.PrimalItemArmor_FlamingTerrorBirdSaddle,Flaming Terror Bird saddle
/Game/Mods/ARKParados/Dinos/Flaming/giganto/Saddle/PrimalItemArmor_FlamingBigfootSaddle.PrimalItemArmor_FlamingBigfootSaddle,Flaming BigFoot saddle
/Game/Mods/ARKParados/Dinos/Flaming/Theri/Saddle/PrimalItemArmor_Flaming_TherizinosaurusSaddle.PrimalItemArmor_Flaming_TherizinosaurusSaddle,Flaming Therizinosaurus saddle
/Game/Mods/ARKParados/Dinos/Parados/Allo/Saddle/PrimalItemArmor_ParadosAlloSaddle.PrimalItemArmor_ParadosAlloSaddle,Parados Allosaurus saddle
/Game/Mods/ARKParados/Dinos/Parados/Anky/Saddle/PrimalItemArmor_ParadosAnkyloSaddle.PrimalItemArmor_ParadosAnkyloSaddle,Parados Ankylo saddle
/Game/Mods/ARKParados/Dinos/Parados/Bronti/Saddle/PrimalItemArmor_SauroSaddleParados.PrimalItemArmor_SauroSaddleParados,Parados Bronto  saddle
/Game/Mods/ARKParados/Dinos/Parados/Bronti/Saddle/PrimalItemArmor_SauroSaddle_PlatformParados.PrimalItemArmor_SauroSaddle_PlatformParados,Parados Bronto Platform saddle
/Game/Mods/ARKParados/Dinos/Parados/Daedon/Saddle/PrimalItemArmor_ParadosDaeodonSaddle.PrimalItemArmor_ParadosDaeodonSaddle,Parados Daeodon saddle
/Game/Mods/ARKParados/Dinos/Parados/Titan/Saddle/PrimalItemArmor_ParadosTitanSaddle.PrimalItemArmor_ParadosTitanSaddle,Parados Titanosaur saddle
/Game/Mods/ARKParados/Dinos/Parados/Ptera/Saddle/PrimalItemArmor_ParadosPteroSaddle.PrimalItemArmor_ParadosPteroSaddle,Parados Pteranodon saddle
/Game/Mods/ARKParados/Dinos/Parados/Ptera1/Saddle/PrimalItemArmor_Parados1PteroSaddle.PrimalItemArmor_Parados1PteroSaddle,Parados Pteranodon Poison saddle
/Game/Mods/ARKParados/Dinos/Parados/Quetz/Saddle/PrimalItemArmor_ParadosQuetzSaddle.PrimalItemArmor_ParadosQuetzSaddle,Parados Quetz saddle
/Game/Mods/ARKParados/Dinos/Parados/Frog/Saddle/PrimalItemArmor_ParadosToadSaddle.PrimalItemArmor_ParadosToadSaddle,Parados Beelzebufo saddle
/Game/Mods/ARKParados/Dinos/Parados/Quetz/Platform/PrimalItemArmor_QuetzSaddle_Platform_Parados.PrimalItemArmor_QuetzSaddle_Platform_Parados,Parados Quetz Platform saddle
/Game/Mods/ARKParados/Dinos/Parados/Rockdrake/Saddle/PrimalItemArmor_ParadosDrakeSaddle.PrimalItemArmor_ParadosDrakeSaddle,Parados Rock Drake saddle
/Game/Mods/ARKParados/Dinos/Parados/Wyvern/saddle/PrimalItemArmor_Saddle_Wyvern_Parados.PrimalItemArmor_Saddle_Wyvern_Parados,Parados Wyvern saddle
/Game/Mods/ARKParados/Dinos/Legendary/Chalico/Saddle/PrimalItemArmor_LegendaryChalicoSaddle.PrimalItemArmor_LegendaryChalicoSaddle,Legendary Chalico saddle
/Game/Mods/ARKParados/Dinos/Legendary/Dilo/Saddle/PrimalItemArmor_LegendaryDiloSaddle.PrimalItemArmor_LegendaryDiloSaddle,Legendary Dilophosaur saddle
/Game/Mods/ARKParados/Dinos/Legendary/Deinonychus/Saddle/PrimalItemArmor_LegendaryDeinonychusSaddle.PrimalItemArmor_LegendaryDeinonychusSaddle,Legendary Deinonychus saddle
/Game/Mods/ARKParados/Dinos/Legendary/giga/Saddle/PrimalItemArmor_LegenGigantSaddle.PrimalItemArmor_LegenGigantSaddle,Legendary Giganotosaurus saddle
/Game/Mods/ARKParados/Dinos/Legendary/Griffin/Saddle/PrimalItemArmor_Legendary_griffin.PrimalItemArmor_Legendary_griffin,Legendary Griffin saddle
/Game/Mods/ARKParados/Dinos/Legendary/Hesperonis/Saddle/PrimalItemArmor_LegendaryHesperonisSaddle.PrimalItemArmor_LegendaryHesperonisSaddle,Legendary Hesperonis saddle
/Game/Mods/ARKParados/Dinos/Legendary/Kaprosuchus/Saddle/PrimalItemArmor_LegendaryKaprosuchusSaddle.PrimalItemArmor_LegendaryKaprosuchusSaddle,Legendary Kaprosuchus saddle
"/Game/Mods/ARKParados/Dinos/Legendary/Kenguru/Saddle/PrimalItemArmor_LegendaryKangarooSaddle.PrimalItemArmor_LegendaryKangarooSaddle"" 1 0 fals",Legendary Kangaroo saddle
/Game/Mods/ARKParados/Dinos/Legendary/Crab/Saddle/PrimalItemArmor_LegendaryCrabSaddle.PrimalItemArmor_LegendaryCrabSaddle,Legendary Karkinos saddle
/Game/Mods/ARKParados/Dinos/Legendary/Moth/Saddle/PrimalItemArmor_LegendMothSaddle.PrimalItemArmor_LegendMothSaddle,Legendary Lymantria saddle
/Game/Mods/ARKParados/Dinos/Legendary/Ptero/Saddle/PrimalItemArmor_PteroSaddleledgen.PrimalItemArmor_PteroSaddleledgen,Legendary Pteranodon saddle
/Game/Mods/ARKParados/Dinos/Legendary/Phiomia/Saddle/PrimalItemArmor_Legendary_PhiomiaSaddle.PrimalItemArmor_Legendary_PhiomiaSaddle,Legendary phiomia saddle
/Game/Mods/ARKParados/Dinos/Legendary/Raptor/Saddle/PrimalItemArmor_LegendaryRaptorSaddle.PrimalItemArmor_LegendaryRaptorSaddle,Legendary Raptor saddle
/Game/Mods/ARKParados/Dinos/Legendary/Rex/Saddle/PrimalItemArmor_LedgendaryRexSaddle.PrimalItemArmor_LedgendaryRexSaddle,Legendary Rex saddle
/Game/Mods/ARKParados/Dinos/Legendary/Stego/Saddle/PrimalItemArmor_StegoSaddle_legendary.PrimalItemArmor_StegoSaddle_legendary,Legendary Stego saddle
/Game/Mods/ARKParados/Dinos/Legendary/Thyla/Saddle/PrimalItemArmor_LegendaryThylacoSaddle.PrimalItemArmor_LegendaryThylacoSaddle,Legendary Thylacoleo saddle
/Game/Mods/ARKParados/Dinos/Legendary/Tapejara/Saddle/PrimalItemArmor_LedgendaryTapejaraSaddle.PrimalItemArmor_LedgendaryTapejaraSaddle,Legendary Tapejara saddle
/Game/Mods/ARKParados/Dinos/Legendary/Trike/Saddle/PrimalItemArmor_Legendary_TrikeSaddle.PrimalItemArmor_Legendary_TrikeSaddle,Legendary Trike saddle
/Game/Mods/ARKParados/Dinos/Legendary/Velo/Saddle/PrimalItemArmor_LegendarySpindlesSaddle.PrimalItemArmor_LegendarySpindlesSaddle,Legendary Velonasaur saddle
/Game/Mods/ARKParados/Dinos/Legendary/Quetz/Saddle/PrimalItemArmor_QuetzSaddle_ParadosPlatform.PrimalItemArmor_QuetzSaddle_ParadosPlatform,Legendary Quetz Platform saddle
/Game/Mods/ARKParados/Dinos/Legendary/Quetz/Saddle/PrimalItemArmor_LegenQuetzSaddle.PrimalItemArmor_LegenQuetzSaddle,Legendary Quetz saddle
/Game/Mods/ARKParados/Dinos/Watery/Basilosaurus/Saddle/PrimalItemArmor_WateryBasiloSaddle.PrimalItemArmor_WateryBasiloSaddle,Watery Basilosaurus saddle
/Game/Mods/ARKParados/Dinos/Watery/Dunkle/Saddle/PrimalItemArmor_WateryDunkleosteusSaddle.PrimalItemArmor_WateryDunkleosteusSaddle,Watery Dunkleosteus saddle
/Game/Mods/ARKParados/Dinos/Watery/Dolphin/Saddle/PrimalItemArmor_WateryDolphinSaddle.PrimalItemArmor_WateryDolphinSaddle,Watery Dolphin saddle
/Game/Mods/ARKParados/Dinos/Watery/Megalodon/Saddle/PrimalItemArmor_WateryMegalodonSaddle.PrimalItemArmor_WateryMegalodonSaddle,Watery Megalodon saddle
/Game/Mods/ARKParados/Dinos/Special/Bigfoot/Saddle/PrimalItemArmor_Charlie.PrimalItemArmor_Charlie,Charlie saddle
/Game/Mods/ARKParados/Dinos/Special/Direbear/Saddle/PrimalItemArmor_FlufflesSaddle.PrimalItemArmor_FlufflesSaddle,Mr Fluffles saddle
/Game/Mods/ARKParados/Dinos/Special/MonkeyKing/Saddle/PrimalItemArmor_Promeus_KingDaddy.PrimalItemArmor_Promeus_KingDaddy,King Daddy Of Distruction saddle
/Game/Mods/ARKParados/Dinos/Special/Kireru/Saddle/PrimalItemArmor_Saddle_Wyvern_Kiruwen.PrimalItemArmor_Saddle_Wyvern_Kiruwen,Shadow Wyvern saddle
/Game/Mods/ARKParados/Dinos/Special/Kireru/Evolved/Saddle/PrimalItemArmor_Saddle_Wyvern_Kireru.PrimalItemArmor_Saddle_Wyvern_Kireru,Sunset Wyvern saddle
/Game/Mods/ARKParados/Dinos/Special/BluePenguin/Saddle/PrimalItemArmor_LittleBlue.PrimalItemArmor_LittleBlue,Little Blue Penguin saddle
/Game/Mods/ARKParados/Dinos/Special/StuMeister/Saddle/PrimalItemArmor_StufasaSaddle.PrimalItemArmor_StufasaSaddle,Stufasa saddle
/Game/Mods/ARKParados/Dinos/Special/Tim/Saddle/PrimalItemArmor_TIM.PrimalItemArmor_TIM,TIM saddle
/Game/Mods/ARKParados/Dinos/Special/TBFGAMING/Saddle/PrimalItemArmor_TBFDire.PrimalItemArmor_TBFDire,TBF Direwolf saddle
/Game/Mods/ARKParados/Dinos/Special/Ankylo/Saddle/PrimalItemArmor_FrankysaurusSaddle.PrimalItemArmor_FrankysaurusSaddle,Frankysaurus saddle
/Game/Mods/ARKParados/Dinos/Special/ThunderCat/Saddle/PrimalItemArmor_DianaSaberSaddle.PrimalItemArmor_DianaSaberSaddle,Thundercat saddle
/Game/Mods/ARKParados/Dinos/Special/Aran/Saddle/PrimalItemArmor_AranSaddle.PrimalItemArmor_AranSaddle,Aran The Jumping Cat saddle
/Game/Mods/ARKParados/Dinos/Special/Bacon/Saddle/PrimalItemArmor_BaconThylaSaddle.PrimalItemArmor_BaconThylaSaddle,Lord Of Bacon saddle
/Game/Mods/ARKParados/Dinos/Special/Mrquackers/Saddle/PrimalItemArmor_Quackers.PrimalItemArmor_Quackers,Mr Quackers saddle
/Game/Mods/ARKParados/Dinos/Special/Prince/Saddle/PrimalItemArmor_PrinceLuckSaddle.PrimalItemArmor_PrinceLuckSaddle,Prince Of Luck saddle
/Game/Mods/ARKParados/Dinos/Special/Ida/Saddle/PrimalItemArmor_IdasMinion.PrimalItemArmor_IdasMinion,Idas Minion saddle
/Game/Mods/ARKParados/Dinos/Special/Xodan/Saddle/PrimalItemArmor_Saddle_Wyvern_Xodan.PrimalItemArmor_Saddle_Wyvern_Xodan,Xodan The Shepherd saddle
/Game/Mods/ARKParados/Dinos/Special/Allisaurusrex/Saddle/PrimalItemArmor_AllisaurusrexSaddle.PrimalItemArmor_AllisaurusrexSaddle,Allisaurusrex saddle
/Game/Mods/ARKParados/Dinos/Special/FroggyMan/Saddle/PrimalItemArmor_FroggyManSaddle.PrimalItemArmor_FroggyManSaddle,Froggy The Destroyer saddle
/Game/Mods/ARKParados/Dinos/Special/Undizz/Saddle/PrimalItemArmor_Undizz.PrimalItemArmor_Undizz,Undizz Fast Travel saddle
/Game/Mods/ARKParados/Dinos/Special/Kikachu/Saddle/PrimalItemArmor_Kikachu.PrimalItemArmor_Kikachu,Melissophobia saddle
/Game/Mods/ARKParados/Dinos/Special/Shales/Saddle/PrimalItemArmor_ShalesSaddle.PrimalItemArmor_ShalesSaddle,Shales saddle
/Game/Mods/ARKParados/Dinos/Special/Brownie/Saddle/PrimalItemArmor_BrownieQuetzSaddle.PrimalItemArmor_BrownieQuetzSaddle,Brownie saddle
/Game/Mods/ARKParados/Dinos/Special/Brownie/PlatformNEW/PrimalItemArmor_QuetzSaddle_Platform_Brownie1.PrimalItemArmor_QuetzSaddle_Platform_Brownie1,Brownie Platform saddle
/Game/Mods/ARKParados/Dinos/Special/InkStorm/Saddle/PrimalItemArmor_Patreon_InkstormSaddle.PrimalItemArmor_Patreon_InkstormSaddle,Ink Storm Squid saddle
/Game/Mods/ARKParados/Dinos/Special/Bearded/Saddle/PrimalItemArmor_Bearded_RaptorSaddle.PrimalItemArmor_Bearded_RaptorSaddle,Bearded Raptor saddle
/Game/Mods/ARKParados/Dinos/Guardian/Araneo/Saddle/PrimalItemArmor_GuardianSpiderSaddle.PrimalItemArmor_GuardianSpiderSaddle,Guardian Araneo saddle
/Game/Mods/ARKParados/Dinos/Guardian/Allo/Saddle/PrimalItemArmor_Guardian_AlloSaddle.PrimalItemArmor_Guardian_AlloSaddle,Guardian Allosaurus saddle
/Game/Mods/ARKParados/Dinos/Guardian/bary/Saddle/PrimalItemArmor_GuardianBaryonyxSaddle.PrimalItemArmor_GuardianBaryonyxSaddle,Guardian Baryonyx saddle
/Game/Mods/ARKParados/Dinos/Guardian/Pug/Saddle/PrimalItemArmor_Guardian_PugSaddle.PrimalItemArmor_Guardian_PugSaddle,Guardian Bulbdog saddle
/Game/Mods/ARKParados/Dinos/Guardian/Direwolf1/Saddle/PrimalItemArmor_Guardian_Direwolf3.PrimalItemArmor_Guardian_Direwolf3,Guardian Direwolf Pink saddle
/Game/Mods/ARKParados/Dinos/Guardian/Direwol2/Saddle/PrimalItemArmor_Guardian_Direwolf1.PrimalItemArmor_Guardian_Direwolf1,Guardian Direwolf Blue saddle
/Game/Mods/ARKParados/Dinos/Guardian/Direwolf/Saddle/PrimalItemArmor_Guardian_Direwolf2.PrimalItemArmor_Guardian_Direwolf2,Guardian Direwolf Yellow saddle
/Game/Mods/ARKParados/Dinos/Guardian/Turtle/Saddle/PrimalItemArmor_GuardianTurtleSaddle.PrimalItemArmor_GuardianTurtleSaddle,Guardian Turtle saddle
/Game/Mods/ARKParados/Dinos/Guardian/Raptor/Saddle/PrimalItemArmor_Guardian_RaptorSaddle.PrimalItemArmor_Guardian_RaptorSaddle,Guardian Raptor saddle
/Game/Mods/ARKParados/Dinos/Guardian/Rex/Saddle/PrimalItemArmor_GuardianRexSaddle.PrimalItemArmor_GuardianRexSaddle,Guardian Rex saddle
/Game/Mods/ARKParados/Dinos/Guardian/Mantis/Saddle/PrimalItemArmor_GuardianMantisSaddle.PrimalItemArmor_GuardianMantisSaddle,Guardian Mantis saddle
/Game/Mods/ARKParados/Dinos/Guardian/Glowtail/Saddle/PrimalItemArmor_Guardian_GlowtailSaddle.PrimalItemArmor_Guardian_GlowtailSaddle,Guardian Glowtail saddle
/Game/Mods/ARKParados/Dinos/Guardian/Giga/Saddle/PrimalItemArmor_GuardianGigantSaddle.PrimalItemArmor_GuardianGigantSaddle,Guardian Giganotosaurus saddle
/Game/Mods/ARKParados/Dinos/Guardian/Galli/Saddle/PrimalItemArmor_GuardianGalli.PrimalItemArmor_GuardianGalli,Guardian Gallimimus saddle
/Game/Mods/ARKParados/Dinos/Guardian/Ptero/Saddle/PrimalItemArmor_Guardian_PteroSaddle.PrimalItemArmor_Guardian_PteroSaddle,Guardian Pteranodon saddle
/Game/Mods/ARKParados/Dinos/Guardian/Parasaur/Saddle/PrimalItemArmor_GuardianParaSaddle.PrimalItemArmor_GuardianParaSaddle,Guardian Parasaur saddle
/Game/Mods/ARKParados/Dinos/Guardian/Phiomia/Saddle/PrimalItemArmor_GuardianPhiomiaSaddle.PrimalItemArmor_GuardianPhiomiaSaddle,Guardian Phiomia saddle
/Game/Mods/ARKParados/Dinos/Guardian/Ravager/Saddle/PrimalItemArmor_Guardian_CavewolfSaddle.PrimalItemArmor_Guardian_CavewolfSaddle,Guardian Ravager saddle
/Game/Mods/ARKParados/Dinos/Noctis/Bee/Saddle/PrimalItemArmor_Noctis_BeeSaddle.PrimalItemArmor_Noctis_BeeSaddle,Noctis Bee saddle
/Game/Mods/ARKParados/Dinos/Noctis/Pug/Saddle/PrimalItemArmor_Noctis_PugSaddle.PrimalItemArmor_Noctis_PugSaddle,Noctis Bulbdog saddle
/Game/Mods/ARKParados/Dinos/Noctis/Deino/Saddle/PrimalItemArmor_NoctisDeinonychusSaddle.PrimalItemArmor_NoctisDeinonychusSaddle,Noctis Deinonychus saddle
/Game/Mods/ARKParados/Dinos/Noctis/Direbear/Saddle/PrimalItemArmor_NoctisDireBearSaddle.PrimalItemArmor_NoctisDireBearSaddle,Noctis Dire Bear saddle
/Game/Mods/ARKParados/Dinos/Noctis/doed/Saddle/PrimalItemArmor_Noctis_DoedSaddle.PrimalItemArmor_Noctis_DoedSaddle,Noctis Doedicurus saddle
/Game/Mods/ARKParados/Dinos/Noctis/Horse/Saddle/PrimalItemArmor_NoctisHorseSaddle.PrimalItemArmor_NoctisHorseSaddle,Noctis Equus saddle
/Game/Mods/ARKParados/Dinos/Noctis/Gacha/Saddle/PrimalItemArmor_NoctisGachaSaddle.PrimalItemArmor_NoctisGachaSaddle,Noctis Gacha saddle
/Game/Mods/ARKParados/Dinos/Noctis/Iguanodon/Saddle/PrimalItemArmor_NoctisIguanodonSaddle.PrimalItemArmor_NoctisIguanodonSaddle,Noctis Iguanodon saddle
/Game/Mods/ARKParados/Dinos/Noctis/Mantis/Saddle/PrimalItemArmor_NoctisMantisSaddle.PrimalItemArmor_NoctisMantisSaddle,Noctis Mantis saddle
/Game/Mods/ARKParados/Dinos/Noctis/Megalania/Saddle/PrimalItemArmor_NoctisMegalaniaSaddle.PrimalItemArmor_NoctisMegalaniaSaddle,Noctis Megalania saddle
/Game/Mods/ARKParados/Dinos/Noctis/Diplodocus/Saddle/PrimalItemArmor_NoctisDiplodocusSaddle.PrimalItemArmor_NoctisDiplodocusSaddle,Noctis Diplodocus saddle
/Game/Mods/ARKParados/Dinos/Noctis/procoptodon/Saddle/PrimalItemArmor_Noctis_ProcoptodonSaddle.PrimalItemArmor_Noctis_ProcoptodonSaddle,Noctis Procoptodon saddle
/Game/Mods/ARKParados/Dinos/Noctis/Saber/saddle/PrimalItemArmor_NoctisSaberSaddle.PrimalItemArmor_NoctisSaberSaddle,Noctis Sabertooth saddle
/Game/Mods/ARKParados/Dinos/Noctis/MoleRat/Saddle/PrimalItemArmor_NoctisMoleRatSaddle.PrimalItemArmor_NoctisMoleRatSaddle,Noctis Roll Rat saddle
/Game/Mods/ARKParados/Dinos/Noctis/Tapa/Saddle/PrimalItemArmor_NoctisTapejaraSaddle.PrimalItemArmor_NoctisTapejaraSaddle,Noctis Tapejara saddle
/Game/Mods/ARKParados/Dinos/Abandoned/Ptero/Saddle/PrimalItemArmor_Abandoned_PteroSaddle.PrimalItemArmor_Abandoned_PteroSaddle,Abandoned Pteranodon saddle
/Game/Mods/ARKParados/Dinos/Abandoned/Pegasus/Saddle/PrimalItemArmor_ABD_PegasusSaddle.PrimalItemArmor_ABD_PegasusSaddle,Abandoned Pegasus saddle
/Game/Mods/ARKParados/Dinos/Abandoned/Featherlight/Saddle/PrimalItemArmor_ABD_FeatherLSaddle.PrimalItemArmor_ABD_FeatherLSaddle,Abandoned Featherlight saddle
/Game/Mods/ARKParados/Dinos/Abandoned/Wyvern/Saddle/PrimalItemArmor_Saddle_Wyvern_Abandoned.PrimalItemArmor_Saddle_Wyvern_Abandoned,Abandoned Wyvern saddle
/Game/Mods/ARKParados/Dinos/Abandoned/Sarco/Saddle/PrimalItemArmor_AbandonedSarcoSaddle.PrimalItemArmor_AbandonedSarcoSaddle,Abandoned Sarco saddle
/Game/Mods/ARKParados/Dinos/Abandoned/Rex/Saddle/PrimalItemArmor_ABDRexSaddle.PrimalItemArmor_ABDRexSaddle,Abandoned Rex saddle
/Game/Mods/ARKParados/Dinos/Abandoned/Raptor/Saddle/PrimalItemArmor_AbandonedRaptorSaddle.PrimalItemArmor_AbandonedRaptorSaddle,Abandoned Raptor saddle
/Game/Mods/ARKParados/Dinos/Abandoned/Rockdrake/Saddle/PrimalItemArmor_RockDrakeSaddle.PrimalItemArmor_RockDrakeSaddle,Abandoned RockDrake saddle
/Game/Mods/ARKParados/Dinos/Abandoned/Pachy/Saddle/PrimalItemArmor_AbandonedPachySaddle.PrimalItemArmor_AbandonedPachySaddle,Abandoned Pachy saddle
/Game/Mods/ARKParados/Dinos/Abandoned/Terrorbird/Saddle/PrimalItemArmor_AbandonedTerrorBirdSaddle.PrimalItemArmor_AbandonedTerrorBirdSaddle,Abandoned Terror Bird saddle
/Game/Mods/ARKParados/Dinos/Abandoned/Direbear/Saddle/PrimalItemArmor_AbandonedDireBearSaddle.PrimalItemArmor_AbandonedDireBearSaddle,Abandoned Dire Bear saddle
/Game/Mods/ARKParados/Dinos/Abandoned/Vulture/Saddle/PrimalItemArmor_ABD_VultureSaddle.PrimalItemArmor_ABD_VultureSaddle,Abandoned Vulture saddle
/Game/Mods/ARKParados/Dinos/Abandoned/argen/Saddle/PrimalItemArmor_Abandoned_ArgentavisSaddle.PrimalItemArmor_Abandoned_ArgentavisSaddle,Abandoned Argent saddle
/Game/Mods/ARKParados/Dinos/Chronos/Allo/Saddle/PrimalItemArmor_ChronosAlloSaddle.PrimalItemArmor_ChronosAlloSaddle,Chronos Allo saddle
/Game/Mods/ARKParados/Dinos/Chronos/Mammoth/Saddle/PrimalItemArmor_ChronosMammothSaddle.PrimalItemArmor_ChronosMammothSaddle,Chronos Mammoth saddle
/Game/Mods/ARKParados/Dinos/Chronos/Yuty/Saddle/PrimalItemArmor_ChronosYutySaddle.PrimalItemArmor_ChronosYutySaddle,Chronos Yutyrannus saddle
/Game/Mods/ARKParados/Dinos/Chronos/mehatheri/Saddle/PrimalItemArmor_ChronosMegatheriumSaddle.PrimalItemArmor_ChronosMegatheriumSaddle,Chronos Megatherium saddle
/Game/Mods/ARKParados/Dinos/Chronos/Bary/Saddle/PrimalItemArmor_ChronosBaryonyxSaddle.PrimalItemArmor_ChronosBaryonyxSaddle,Chronos Baryonyx saddle
/Game/Mods/ARKParados/Dinos/Chronos/Carno/Saddle/PrimalItemArmor_ChronosCarnoSaddle.PrimalItemArmor_ChronosCarnoSaddle,Chronos Carnotaurus saddle
/Game/Mods/ARKParados/Dinos/Chronos/Saber/Saddle/PrimalItemArmor_ChronosSaberSaddle.PrimalItemArmor_ChronosSaberSaddle,Chronos Saber saddle
/Game/Mods/ARKParados/Dinos/Chronos/Wyvern/Saddle/PrimalItemArmor_Saddle_Wyvern_Chronos.PrimalItemArmor_Saddle_Wyvern_Chronos,Chronos Wyvern saddle
/Game/Mods/ARKParados/Dinos/Chronos/Velo/Saddle/PrimalItemArmor_ChronosSpindlesSaddle.PrimalItemArmor_ChronosSpindlesSaddle,Chronos Velonasaur saddle
/Game/Mods/ARKParados/Dinos/Chronos/Ptero/Saddle/PrimalItemArmor_Chronos_ptera.PrimalItemArmor_Chronos_ptera,Chronos Pteranodon saddle
/Game/Mods/ARKParados/Dinos/Chronos/Rex/Saddle/PrimalItemArmor_ChronosRexSaddle.PrimalItemArmor_ChronosRexSaddle,Chronos Rex saddle
/Game/Mods/ARKParados/Dinos/Chronos/Raptor/Saddle/PrimalItemArmor_ChronosRaptorSaddle.PrimalItemArmor_ChronosRaptorSaddle,Chronos Raptor saddle
/Game/Mods/ARKParados/Dinos/Chronos/Doed/Saddle/PrimalItemArmor_ChronosDoedSaddle.PrimalItemArmor_ChronosDoedSaddle,Chronos Doedicurus saddle
/Game/Mods/ARKParados/Dinos/Chronos/Gacha/Saddle/PrimalItemArmor_ChronosGachaSaddle.PrimalItemArmor_ChronosGachaSaddle,Chronos Gacha saddle
/Game/Mods/ARKParados/Dinos/Dreadnought/Allo/Saddle/PrimalItemArmor_DreadnoughtAlloSaddle.PrimalItemArmor_DreadnoughtAlloSaddle,Dreadnought Allosaurus saddle
/Game/Mods/ARKParados/Dinos/Dreadnought/Bary/Saddle/PrimalItemArmor_DreadnoughtBaryonyxSaddle.PrimalItemArmor_DreadnoughtBaryonyxSaddle,Dreadnought Baryonyx saddle
/Game/Mods/ARKParados/Dinos/Dreadnought/Carno/Saddle/PrimalItemArmor_DreadnoughtCarnoSaddle.PrimalItemArmor_DreadnoughtCarnoSaddle,Dreadnought Carnotaurus saddle
/Game/Mods/ARKParados/Dinos/Dreadnought/Doed/Saddle/PrimalItemArmor_DreadnoughtDoedSaddle.PrimalItemArmor_DreadnoughtDoedSaddle,Dreadnought Doedicurus saddle
/Game/Mods/ARKParados/Dinos/Dreadnought/Gacha/Saddle/PrimalItemArmor_DreadnoughtGachaSaddle.PrimalItemArmor_DreadnoughtGachaSaddle,Dreadnought Gacha saddle
/Game/Mods/ARKParados/Dinos/Dreadnought/Mammoth/Saddle/PrimalItemArmor_DreadnoughtMammothSaddle.PrimalItemArmor_DreadnoughtMammothSaddle,Dreadnought Mammoth saddle
/Game/Mods/ARKParados/Dinos/Dreadnought/Megatheri/Saddle/PrimalItemArmor_DreadnoughtMegatheriumSaddle.PrimalItemArmor_DreadnoughtMegatheriumSaddle,Dreadnought Megatherium saddle
/Game/Mods/ARKParados/Dinos/Dreadnought/Ptero/Saddle/PrimalItemArmor_DreadnoughtPteroSaddle.PrimalItemArmor_DreadnoughtPteroSaddle,Dreadnought Pteranodon saddle
/Game/Mods/ARKParados/Dinos/Dreadnought/Raptor/Saddle/PrimalItemArmor_DreadnoughtRaptorSaddle.PrimalItemArmor_DreadnoughtRaptorSaddle,Dreadnought Raptor saddle
/Game/Mods/ARKParados/Dinos/Dreadnought/Rex/Saddle/PrimalItemArmor_DreadnoughtRexSaddle.PrimalItemArmor_DreadnoughtRexSaddle,Dreadnought Rex saddle
/Game/Mods/ARKParados/Dinos/Dreadnought/Saber/Saddle/PrimalItemArmor_DreadnoughtSaberSaddle.PrimalItemArmor_DreadnoughtSaberSaddle,Dreadnought Sabertooth saddle
/Game/Mods/ARKParados/Dinos/Dreadnought/Therii/Saddle/PrimalItemArmor_DreadnoughtTheriSaddle.PrimalItemArmor_DreadnoughtTheriSaddle,Dreadnought Therizinosaurus saddle
/Game/Mods/ARKParados/Dinos/Dreadnought/Velo/Saddle/PrimalItemArmor_DreadnoughtSpindlesSaddle.PrimalItemArmor_DreadnoughtSpindlesSaddle,Dreadnought Velonasaur saddle
/Game/Mods/ARKParados/Dinos/Dreadnought/Wyvern/Saddle/PrimalItemArmor_Saddle_DreadnoughtWyvern.PrimalItemArmor_Saddle_DreadnoughtWyvern,Dreadnought Wyvern saddle
/Game/Mods/ARKParados/Dinos/Dreadnought/Yuty/Saddle/PrimalItemArmor_DreadnoughtYutySaddle.PrimalItemArmor_DreadnoughtYutySaddle,Dreadnought Yutyrannus saddle
/Game/Mods/ARKParados/Dinos/Dreadnought/Griffin/Saddle/PrimalItemArmor_Saddle_DreadnoughtGriffin.PrimalItemArmor_Saddle_DreadnoughtGriffin,Dreadnought Griffin saddle
/Game/Mods/ARKParados/Dinos/Promeeus/DododrexP/Saddle/PrimalItemArmor_Promeus_Pdodorex.PrimalItemArmor_Promeus_Pdodorex,Promeus Poison Dodorex saddle
/Game/Mods/ARKParados/Dinos/Promeeus/DodorexE/Saddle/PrimalItemArmor_Promeus_Edodorex.PrimalItemArmor_Promeus_Edodorex,Promeus Electric Dodorex saddle
/Game/Mods/ARKParados/Dinos/Promeeus/DodorexF/Saddle/PrimalItemArmor_Promeus_Fdodorex.PrimalItemArmor_Promeus_Fdodorex,Promeus Fire Dodorex saddle
/Game/Mods/ARKParados/Dinos/Promeeus/DragonE/Saddle/PrimalItemArmor_Promeus_DragonE.PrimalItemArmor_Promeus_DragonE,Promeus Electric Dragon saddle
/Game/Mods/ARKParados/Dinos/Promeeus/DragonF/Saddle/PrimalItemArmor_Promeus_DragonF.PrimalItemArmor_Promeus_DragonF,Promeus Fire Dragon saddle
/Game/Mods/ARKParados/Dinos/Promeeus/DragonP/Saddle/PrimalItemArmor_Promeus_DragonP.PrimalItemArmor_Promeus_DragonP,Promeus Poison Dragon saddle
/Game/Mods/ARKParados/Dinos/Promeeus/GorillaE/Saddle/PrimalItemArmor_Promeus_Gorilla.PrimalItemArmor_Promeus_Gorilla,Promeus Electric Gorilla saddle
/Game/Mods/ARKParados/Dinos/Promeeus/GorillaF/Saddle/PrimalItemArmor_Promeus_FireGorilla.PrimalItemArmor_Promeus_FireGorilla,Promeus Fire Gorilla saddle
/Game/Mods/ARKParados/Dinos/Promeeus/GorillaP/Saddle/PrimalItemArmor_Promeus_PoisonGorilla.PrimalItemArmor_Promeus_PoisonGorilla,Promeus Poison Gorilla saddle
/Game/Mods/ARKParados/Dinos/Promeeus/PSpider/Saddle/PrimalItemArmor_Promeus_PoisonBroodmother.PrimalItemArmor_Promeus_PoisonBroodmother,Promeus Poison Spider saddle
/Game/Mods/ARKParados/Dinos/Promeeus/ESpider/Saddle/PrimalItemArmor_Promeus_EBroodmother.PrimalItemArmor_Promeus_EBroodmother,Promeus Electric Spider saddle
/Game/Mods/ARKParados/Dinos/Promeeus/SpiderF/Saddle/PrimalItemArmor_Promeus_FireBroodmother.PrimalItemArmor_Promeus_FireBroodmother,Promeus Fire Spider saddle
/Game/Mods/ARKParados/Dinos/Promeeus/FManticore/Saddle/PrimalItemArmor_Promeus_FManticore.PrimalItemArmor_Promeus_FManticore,Promeus Fire Manticore saddle
/Game/Mods/ARKParados/Dinos/Promeeus/EManticore/Saddle/PrimalItemArmor_Promeus_EManticore.PrimalItemArmor_Promeus_EManticore,Promeus Electric Manticore saddle
/Game/Mods/ARKParados/Dinos/Promeeus/PManticore/Saddle/PrimalItemArmor_Promeus_PManticore.PrimalItemArmor_Promeus_PManticore,Promeus Poison Manticore saddle
/Game/Mods/ARKParados/Dinos/Neolithic/Trike/Saddle/PrimalItemArmor_NeolithicTrikeSaddle.PrimalItemArmor_NeolithicTrikeSaddle,Neolithic Trike saddle
/Game/Mods/ARKParados/Dinos/Neolithic/Tapejara/Saddle/PrimalItemArmor_NeolitihcTapejaraSaddle.PrimalItemArmor_NeolitihcTapejaraSaddle,Neolithic  Tapejara saddle
/Game/Mods/ARKParados/Dinos/Neolithic/Doed/Saddle/PrimalItemArmor_NeolithicDoedSaddle.PrimalItemArmor_NeolithicDoedSaddle,Neolithic  Doedicurus saddle
/Game/Mods/ARKParados/Dinos/Neolithic/Turtle/Saddle/PrimalItemArmor_NeolithicTurtleSaddle.PrimalItemArmor_NeolithicTurtleSaddle,Neolithic  Carbonemys saddle
/Game/Mods/ARKParados/Dinos/Neolithic/Procoptodon/Saddle/PrimalItemArmor_NeolithicKangarooSaddle.PrimalItemArmor_NeolithicKangarooSaddle,Neolithic  Kangaroo saddle
/Game/Mods/ARKParados/Dinos/Neolithic/Glowtail/Saddle/PrimalItemArmor_Neolitich_Glowtail.PrimalItemArmor_Neolitich_Glowtail,Neolithic  GlowTail saddle
/Game/Mods/ARKParados/Dinos/Neolithic/Morella/Saddle/PrimalItemArmor_NeolithicMorellaSaddle.PrimalItemArmor_NeolithicMorellaSaddle,Neolithic  Morellatops saddle
/Game/Mods/ARKParados/Dinos/Neolithic/Dilo/Saddle/PrimalItemArmor_Neolitich_Dilo.PrimalItemArmor_Neolitich_Dilo,Neolithic  Dilophosaur saddle
/Game/Mods/ARKParados/Dinos/Neolithic/Direwolf/Saddle/PrimalItemArmor_NeolithicDirewolfSaddle.PrimalItemArmor_NeolithicDirewolfSaddle,Neolithic  Direwolf saddle
/Game/Mods/ARKParados/Dinos/Neolithic/Moth/Saddle/PrimalItemArmor_NeolithicMothSaddle.PrimalItemArmor_NeolithicMothSaddle,Neolithic  Lymantria saddle
/Game/Mods/ARKParados/Dinos/Neolithic/Gallimus/Saddle/PrimalItemArmor_NeolithicGalli.PrimalItemArmor_NeolithicGalli,Neolithic  Gallimimus saddle
/Game/Mods/ARKParados/Dinos/Neolithic/Paracer/Saddle/PrimalItemArmor_NeolithicParacer_Saddle.PrimalItemArmor_NeolithicParacer_Saddle,Neolithic  Paraceratherium saddle
/Game/Mods/ARKParados/Dinos/Neolithic/Paracer/Saddle/Platform/PrimalItemArmor_ParacerSaddle_Platform_Neolithic.PrimalItemArmor_ParacerSaddle_Platform_Neolithic,Neolithic  Paracer Platform saddle
/Game/Mods/ARKParados/Dinos/Neolithic/arthropluera/Saddle/PrimalItemArmor_NeolithicArthroSaddle.PrimalItemArmor_NeolithicArthroSaddle,Neolithic  Arthropluera saddle
/Game/Mods/ARKParados/Dinos/Neolithic/Moschops/Saddle/PrimalItemArmor_Neolit_Mosch.PrimalItemArmor_Neolit_Mosch,Neolithic  Moschops saddle
/Game/Mods/ARKParados/Dinos/Neolithic/megaloceros/Saddle/PrimalItemArmor_NeolithicStagSaddle.PrimalItemArmor_NeolithicStagSaddle,Neolithic  Megaloceros saddle
/Game/Mods/ARKParados/Dinos/Neolithic/Ptera/Saddle/PrimalItemArmNeolithicPteroSaddle.PrimalItemArmNeolithicPteroSaddle,Neolithic  Pteranodon saddle
/Game/Mods/ARKParados/Dinos/Neolithic/Wyvern/Saddle/PrimalItemArmor_Neolitich_Wyvern.PrimalItemArmor_Neolitich_Wyvern,Neolithic  Crystal Wyvern saddle
/Game/Mods/ARKParados/Dinos/Mecha/Raptor/Saddle/PrimalItemArmor_MechaRaptorSaddle.PrimalItemArmor_MechaRaptorSaddle,Mecha Raptor saddle
/Game/Mods/ARKParados/Dinos/Mecha/Parasaur/Saddle/PrimalItemArmor_MechaParasaur_Saddle.PrimalItemArmor_MechaParasaur_Saddle,Mecha Parasaur saddle
/Game/Mods/ARKParados/Dinos/Mecha/Trike/Saddle/PrimalItemArmor_MechaTrikeSaddle.PrimalItemArmor_MechaTrikeSaddle,Mecha Trike saddle
/Game/Mods/ARKParados/Dinos/Mecha/Rex/Saddle/PrimalItemArmor_MechaaRexSaddle.PrimalItemArmor_MechaaRexSaddle,Mecha Rex saddle
/Game/Mods/ARKParados/Dinos/Reckless/Griffin/Saddle/PrimalItemArmor_Reckless_griffin.PrimalItemArmor_Reckless_griffin,Reckless   Griffin saddle
/Game/Mods/ARKParados/Dinos/Reckless/Raptor1/Saddle/PrimalItemArmor_ReclessRaptorSaddle.PrimalItemArmor_ReclessRaptorSaddle,Reckless   Raptor saddle
/Game/Mods/ARKParados/Dinos/Reckless/Trike/Saddle/PrimalItemArmor_RecklessTrikeSaddle.PrimalItemArmor_RecklessTrikeSaddle,Reckless   Trike saddle
/Game/Mods/ARKParados/Dinos/DistrictBoss/Bigfoot/Tameable/Saddle/PrimalItemArmor_UdisMountain.PrimalItemArmor_UdisMountain,"Udis, God Of Mountains saddle"
/Game/Mods/ARKParados/Dinos/DistrictBoss/Wyvern/ATameable/Saddle/PrimalItemArmor_VolcanisGod.PrimalItemArmor_VolcanisGod,"Volcanis, God Of Fire saddle"
/Game/Mods/ARKParados/Dinos/DistrictBoss/Sarco/Parados-Sarco/Tameable/Saddle/PrimalItemArmor_Draugen.PrimalItemArmor_Draugen,"Draugen, Godess of Swamp saddle"
/Game/Mods/ARKParados/Dinos/DistrictBoss/Turtle/Tameable/Saddle/PrimalItemArmor_TurtleSaddle_god.PrimalItemArmor_TurtleSaddle_god,"Mishell, Goddess Of Jungle saddle"
/Game/Mods/ARKParados/Dinos/Christmas/Rudolph/Saddle/PrimalItemArmor_RudolphSaddle.PrimalItemArmor_RudolphSaddle,Rudolph saddle
/Game/Mods/ARKParados/Dinos/Christmas/Direbear/Saddle/PrimalItemArmor_PolarBearSaddle.PrimalItemArmor_PolarBearSaddle,Polarbear saddle
/Game/Mods/ARKParados/Dinos/Christmas/Julenissen/Saddle/PrimalItemArmor_Julenissen.PrimalItemArmor_Julenissen,Julenissen saddle
/Game/Mods/ARKParados/Dinos/Christmas/Shinehorn/Saddle/PrimalItemArmor_Goatzilla.PrimalItemArmor_Goatzilla,Goatzilla saddle
