﻿/Game/Mods/Primal_Fear/Dinos/Alpha/Alpha_Allo/AlphaAllo_Character_BP.AlphaAllo_Character_BP,AlphaAllo
/Game/Mods/Primal_Fear/Dinos/Alpha/Alpha_Anky/AlphaAnkylo_Character_BP_V2.AlphaAnkylo_Character_BP_V2,AlphaAnky
/Game/Mods/Primal_Fear/Dinos/Alpha/Alpha_Argent/AlphaArgent_Character_BP.AlphaArgent_Character_BP,AlphaArgent
/Game/Mods/Primal_Fear/Dinos/Alpha/Alpha_Arthropluera/AlphaArthro_new_Character_BP.AlphaArthro_new_Character_BP,AlphaAhtro
/Game/Mods/Primal_Fear/Dinos/Alpha/Alpha_Baryonyx/AlphaBaryonyx_Character_BP.AlphaBaryonyx_Character_BP,AlphaBaryonyx
/Game/Mods/Primal_Fear/Dinos/Alpha/Alpha_Basilosarus/AlphaBasilosaurus_Character_BP.AlphaBasilosaurus_Character_BP,AlphaBasilosaurus
/Game/Mods/Primal_Fear/Dinos/Alpha/Alpha_Beaver/AlphaBeaver_Character_BP.AlphaBeaver_Character_BP,AlphaBeaver
/Game/Mods/Primal_Fear/Dinos/Alpha/Alpha_Snake/AlphaBoaFrill_Character_BP.AlphaBoaFrill_Character_BP,AlphaBoa
/Game/Mods/Primal_Fear/Dinos/Alpha/Alpha_Sauropod/AlphaSauropod_Character_BP.AlphaSauropod_Character_BP,AlphaBronto
/Game/Mods/Primal_Fear/Dinos/Alpha/Alpha_Camelsaurus/Alphacamelsaurus_Character_BP.Alphacamelsaurus_Character_BP,AlphaCamelsaurus
/Game/Mods/Primal_Fear/Dinos/Alpha/Alpha_Carno/AlphaCarno_Character_BP.AlphaCarno_Character_BP,AlphaCarno
/Game/Mods/Primal_Fear/Dinos/Alpha/Alpha_Chalico/AlphaChalico_Character_BP.AlphaChalico_Character_BP,AlphaChalicotherium
/Game/Mods/Primal_Fear/Dinos/Alpha/Alpha_Daeodon/AlphaDaeodon_Character_BP.AlphaDaeodon_Character_BP,AlphaDaeodon
/Game/Mods/Primal_Fear/Dinos/Alpha/Alpha_Dilo/AlphaDilo_Character_BP.AlphaDilo_Character_BP,AlphaDilo
/Game/Mods/Primal_Fear/Dinos/Alpha/Alpha_Direbear/AlphaDirebear_Character_BP.AlphaDirebear_Character_BP,AlphaDirebear
/Game/Mods/Primal_Fear/Dinos/Alpha/Alpha_Direwolf/AlphaDirewolf_Character_BP.AlphaDirewolf_Character_BP,AlphaDirewolf
/Game/Mods/Primal_Fear/Dinos/Alpha/Alpha_Doedic/AlphaDoed_Character_BP_V2.AlphaDoed_Character_BP_V2,AlphaDoedic
/Game/Mods/Primal_Fear/Dinos/Alpha/Alpha_Equus/AlphaEquus_Character_BP.AlphaEquus_Character_BP,AlphaEquus
/Game/Mods/Primal_Fear/Dinos/Alpha/Alpha_Bigfoot/AlphaBigfoot_Character_BP.AlphaBigfoot_Character_BP,AlphaGigantopithecus
/Game/Mods/Primal_Fear/Dinos/Alpha/Alpha_Gigant/AlphaGigant_Character_BP.AlphaGigant_Character_BP,AlphaGiga
/Game/Mods/Primal_Fear/Dinos/Alpha/Alpha_Dolphin/AlphaDolphin_Character_BP.AlphaDolphin_Character_BP,AlphaIchthy
/Game/Mods/Primal_Fear/Dinos/Alpha/Alpha_Kaprosuchus/AlphaKaprosuchus_Character_BP.AlphaKaprosuchus_Character_BP,AlphaKaprosuchus
/Game/Mods/Primal_Fear/Dinos/Alpha/Alpha_Kentrosaurus/AlphaKentro_Character_BP.AlphaKentro_Character_BP,AlphaKentrosaurus
/Game/Mods/Primal_Fear/Dinos/Alpha/Alpha_Liopleurodon/AlphaLiopleurodon_Character_BP.AlphaLiopleurodon_Character_BP,AlphaLiopleurodon
/Game/Mods/Primal_Fear/Dinos/Alpha/Alpha_Mammoth/AlphaMammoth_Character_BP.AlphaMammoth_Character_BP,AlphaMammoth
/Game/Mods/Primal_Fear/Dinos/Alpha/Alpha_Mantis/AlphaMantis_Character_BP.AlphaMantis_Character_BP,AlphaMantis
/Game/Mods/Primal_Fear/Dinos/Alpha/Alpha_Stag/AlphaStag_Character_BP.AlphaStag_Character_BP,AlphaMegaloceros
/Game/Mods/Primal_Fear/Dinos/Alpha/Alpha_Megalodon/AlphaMegalodon_Character_BP.AlphaMegalodon_Character_BP,AlphaMegalodon
/Game/Mods/Primal_Fear/Dinos/Alpha/Alpha_Mosasaurus/AlphaMosa_Character_BP.AlphaMosa_Character_BP,AlphaMosasaurus
/Game/Mods/Primal_Fear/Dinos/Alpha/Alpha_Bat/AlphaBat_Character_BP.AlphaBat_Character_BP,AlphaOnyc
/Game/Mods/Primal_Fear/Dinos/Alpha/Alpha_Pegomastax/AlphaPegomastax_Character_BP.AlphaPegomastax_Character_BP,AlphaPegomastax
/Game/Mods/Primal_Fear/Dinos/Alpha/Alpha_Pleisiosaur/AlphaPlesiosaur_Character_BP.AlphaPlesiosaur_Character_BP,AlphaPlesiosaur
/Game/Mods/Primal_Fear/Dinos/Alpha/Alpha_Ptero/AlphaPtero_Character_BP.AlphaPtero_Character_BP,AlphaPteranodon
/Game/Mods/Primal_Fear/Dinos/Alpha/Alpha_Purlovia/AlphaPurlovia_Character_BP.AlphaPurlovia_Character_BP,AlphaPurlovia
/Game/Mods/Primal_Fear/Dinos/Alpha/Alpha_Quetzalcoatlus/AlphaQuetz_Character_BP.AlphaQuetz_Character_BP,AlphaQuetzal
/Game/Mods/Primal_Fear/Dinos/Alpha/Alpha_Raptor/AlphaRaptor_Character_BP.AlphaRaptor_Character_BP,AlphaRaptor
/Game/Mods/Primal_Fear/Dinos/Alpha/Alpha_Rex/AlphaRex_Character_BP.AlphaRex_Character_BP,AlphaRex
/Game/Mods/Primal_Fear/Dinos/Alpha/Alpha_WoolyRhino/AlphaRhino_Character_BP.AlphaRhino_Character_BP,AlphaRhino
/Game/Mods/Primal_Fear/Dinos/Alpha/Alpha_Saber/AlphaSaber_Character_BP.AlphaSaber_Character_BP,AlphaSaber
/Game/Mods/Primal_Fear/Dinos/Alpha/Alpha_Sarco/AlphaSarco_Character_BP.AlphaSarco_Character_BP,AlphaSarco
/Game/Mods/Primal_Fear/Dinos/Alpha/Alpha_Scorpion/AlphaScorpion_Character_BP.AlphaScorpion_Character_BP,AlphaScorpion
/Game/Mods/Primal_Fear/Dinos/Alpha/Alpha_Spider/AlphaSpiderS_Character_BP.AlphaSpiderS_Character_BP,AlphaSpider
/Game/Mods/Primal_Fear/Dinos/Alpha/Alpha_Spino/AlphaSpino_Character_BP.AlphaSpino_Character_BP,AlphaSpino
/Game/Mods/Primal_Fear/Dinos/Alpha/Alpha_Stego/AlphaStego_Character_BP.AlphaStego_Character_BP,AlphaStego
/Game/Mods/Primal_Fear/Dinos/Alpha/Alpha_Tapejara/AlphaTapejara_Character_BP.AlphaTapejara_Character_BP,AlphaTapejara
/Game/Mods/Primal_Fear/Dinos/Alpha/Alpha_Terrorbird/AlphaTerrorBird_Character_BP.AlphaTerrorBird_Character_BP,AlphaTerrorbird
/Game/Mods/Primal_Fear/Dinos/Alpha/Alpha_Therizinosaurus/AlphaTherizino_Character_BP.AlphaTherizino_Character_BP,AlphaTherizinosaurus
/Game/Mods/Primal_Fear/Dinos/Alpha/Alpha_Thorny/AlphaSpineyLizard_Character_BP.AlphaSpineyLizard_Character_BP,AlphaThorny
/Game/Mods/Primal_Fear/Dinos/Alpha/Alpha_Thylacoleo/AlphaThylacoleo_Character_BP_Child.AlphaThylacoleo_Character_BP_Child,AlphaThylacoleo
/Game/Mods/Primal_Fear/Dinos/Alpha/Alpha_Toad/AlphaToad_Character_BP_V2.AlphaToad_Character_BP_V2,AlphaToad
/Game/Mods/Primal_Fear/Dinos/Alpha/Alpha_Trike/AlphaTrike_Character_BP.AlphaTrike_Character_BP,AlphaTrike
/Game/Mods/Primal_Fear/Dinos/Alpha/Alpha_Troodon/AlphaTroodon_Character_BP.AlphaTroodon_Character_BP,AlphaTroodon
/Game/Mods/Primal_Fear/Dinos/Alpha/Alpha_Tusoteuthis/AlphaTusoteuthis_Character_BP.AlphaTusoteuthis_Character_BP,AlphaTusoteuthis
/Game/Mods/Primal_Fear/Dinos/Alpha/Alpha_Wyverns/Fire/AlphaFireWyvern_Character_BP_Fire.AlphaFireWyvern_Character_BP_Fire,AlphaFire Wyvern
/Game/Mods/Primal_Fear/Dinos/Alpha/Alpha_Wyverns/Lightening/AlphaWyvern_Character_BP_Lightning.AlphaWyvern_Character_BP_Lightning,AlphaLightening Wyvern
/Game/Mods/Primal_Fear/Dinos/Alpha/Alpha_Wyverns/Poison/AlphaWyvern_Character_BP_Poison.AlphaWyvern_Character_BP_Poison,AlphaPoison Wyvern
/Game/Mods/Primal_Fear/Dinos/Alpha/Alpha_Yutyrannus/AlphaYutyrannus_Character_BP.AlphaYutyrannus_Character_BP,AlphaYut
/Game/Mods/Primal_Fear/Dinos/Alpha/Alpha_Griffin/AlphaGriffin_Character_BP.AlphaGriffin_Character_BP,AlphaGriffin
/Game/Mods/Primal_Fear/Dinos/Alpha/Alpha_Megatherium/AlphaMegatherium_Character_BP.AlphaMegatherium_Character_BP,AlphaMegatherium
/Game/Mods/Primal_Fear/Dinos/Alpha/Alpha_Hesperornis/AlphaHesperornis_Character_BP.AlphaHesperornis_Character_BP,AlphaHesperornis
/Game/Mods/Primal_Fear/Dinos/Alpha/Alpha_Megalania/AlphaMegalania_Character_BP.AlphaMegalania_Character_BP,AlphaMegalania
/Game/Mods/Primal_Fear/Dinos/Alpha/Alpha_Hyaenodon/AlphaHyaenodon_Character_BP.AlphaHyaenodon_Character_BP,AlphaHyaenodon
/Game/Mods/Primal_Fear/Dinos/Alpha/Alpha_Phoenix/AlphaPhoenix_Character_BP.AlphaPhoenix_Character_BP,AlphaPhoenix
/Game/Mods/Primal_Fear/Dinos/Alpha/Alpha_Otter/AlphaOtter_Character_BP.AlphaOtter_Character_BP,AlphaOtter
/Game/Mods/Primal_Fear/Dinos/Alpha/Alpha_Dodo/AlphaDodo_Character_BP.AlphaDodo_Character_BP,AlphaDodo
/Game/Mods/Primal_Fear/Dinos/Alpha/Alpha_Parasaur/AlphaPara_Character_BP.AlphaPara_Character_BP,AlphaParasaur
/Game/Mods/Primal_Fear/Dinos/Alpha/Alpha_Megalosaurus/AlphaMegalosaurus_Character_BP.AlphaMegalosaurus_Character_BP,AlphaMegalosaurus
/Game/Mods/Primal_Fear/Dinos/Alpha/Alpha_Iguanodon/Alpha_Iguanodon_Character_BP.Alpha_Iguanodon_Character_BP,AlphaIguanodon
/Game/Mods/Primal_Fear/Dinos/Alpha/Alpha_CaveWolf/AlphaCaveWolf_Character_BP_Child.AlphaCaveWolf_Character_BP_Child,AlphaCaveWolf
/Game/Mods/Primal_Fear/Dinos/Alpha/Alpha_Crab/AlphaCrab_Character_BP_Child.AlphaCrab_Character_BP_Child,AlphaCrab
/Game/Mods/Primal_Fear/Dinos/Alpha/Alpha_MoleRat/AlphaMoleRat_Character_BP_Child2.AlphaMoleRat_Character_BP_Child2,AlphaMoleRat
/Game/Mods/Primal_Fear/Dinos/Alpha/Alpha_RockDrake/AlphaRockDrake_Character_BP_Child.AlphaRockDrake_Character_BP_Child,AlphaRockDrake
/Game/Mods/Primal_Fear/Dinos/Alpha/Alpha_Basilisk/AlphaBasilisk_Character_BP_Child.AlphaBasilisk_Character_BP_Child,AlphaBasilisk
/Game/Mods/Primal_Fear/Dinos/Alpha/Alpha_ChupraCabra/AlphaChupaCabra_Character_BP.AlphaChupaCabra_Character_BP,AlphaChupacabra
/Game/Mods/Primal_Fear/Dinos/Alpha/Alpha_Dimorph/AlphaDimorph_Character_BP.AlphaDimorph_Character_BP,AlphaDimorph
/Game/Mods/Primal_Fear/Dinos/Alpha/Alpha_Reaper/Queen/_AlphaXenomorph_Character_BP_Female._AlphaXenomorph_Character_BP_Female,AlphaXenomorph
/Game/Mods/Primal_Fear/Dinos/Alpha/Alpha_Reaper/King/AlphaXenomorph_Character_BP_Male_Tamed_Child.AlphaXenomorph_Character_BP_Male_Tamed_Child,MaleAlphaXenomorph
/Game/Mods/Primal_Fear/Dinos/Alpha/Alpha_ShineHorn/Alpha_LanternGoat_Character_BP_Child.Alpha_LanternGoat_Character_BP_Child,AlphaLanternGoat
/Game/Mods/Primal_Fear/Dinos/Alpha/Alpha_ShineHorn/Alpha_LanternGoat_Character_BP_Child_Rideable.Alpha_LanternGoat_Character_BP_Child_Rideable,AlphaLanternGoat
/Game/Mods/Primal_Fear/Dinos/Alpha/Alpha_Featherlight/AlphaLanternBird_Character_BP.AlphaLanternBird_Character_BP,AlphaLanternBird
/Game/Mods/Primal_Fear/Dinos/Alpha/Alpha_Featherlight/AlphaLanternBird_Character_BP_Rideable.AlphaLanternBird_Character_BP_Rideable,AlphaLanternBird
/Game/Mods/Primal_Fear/Dinos/Alpha/Alpha_LanternLizard/AlphaLanternLizard_Character_BP_Child.AlphaLanternLizard_Character_BP_Child,AlphaLanternLizard
/Game/Mods/Primal_Fear/Dinos/Alpha/Alpha_LanternLizard/AlphaLanternLizard_Character_BP_Child_Rideable.AlphaLanternLizard_Character_BP_Child_Rideable,AlphaLanternLizard
/Game/Mods/Primal_Fear/Dinos/Alpha/Alpha_Bulbdog/AlphaLanternPug_Character_BP_Child.AlphaLanternPug_Character_BP_Child,AlphaLanternPug
/Game/Mods/Primal_Fear/Dinos/Alpha/Alpha_Bulbdog/AlphaLanternPug_Character_BP_Child_Rideable.AlphaLanternPug_Character_BP_Child_Rideable,AlphaLanternPug
/Game/Mods/Primal_Fear/Dinos/Alpha/Alpha_Paracer/AlphaParacer_Character_BP_Child.AlphaParacer_Character_BP_Child,AlphaParacer
/Game/Mods/Primal_Fear/Dinos/Alpha/Alpha_Brachi/AlphaBrachio_Character_BP.AlphaBrachio_Character_BP,AlphaBrachio
/Game/Mods/Primal_Fear/Dinos/Alpha/Alpha_Stygimoloch/AlphaStygimoloch_Character_BP.AlphaStygimoloch_Character_BP,AlphaStygimoloch
/Game/Mods/Primal_Fear/Dinos/Alpha/Alpha_Styracosaurus/AlphaStyracosaurus_Character_BP.AlphaStyracosaurus_Character_BP,AlphaStyracosaurus
/Game/Mods/Primal_Fear/Dinos/Alpha/Alpha_Seeker/AlphaPteroteuthis_Char_BP_Child.AlphaPteroteuthis_Char_BP_Child,AlphaSeeker
/Game/Mods/Primal_Fear/Dinos/Alpha/Alpha_Enforcer/AlphaEnforcer_Character_BP_Child.AlphaEnforcer_Character_BP_Child,AlphaEnforcer
/Game/Mods/Primal_Fear/Dinos/Alpha/Alpha_Gacha/AlphaGacha_Character_BP_Child.AlphaGacha_Character_BP_Child,AlphaGacha
/Game/Mods/Primal_Fear/Dinos/Alpha/Alpha_GasBag/AlphaGasBags_Character_BP_Child.AlphaGasBags_Character_BP_Child,AlphaGasBags
/Game/Mods/Primal_Fear/Dinos/Alpha/Alpha_IceJumper/AlphaIceJumper_Character_BP_Child.AlphaIceJumper_Character_BP_Child,AlphaManagarmr
/Game/Mods/Primal_Fear/Dinos/Alpha/Alpha_Indom/AlphaIndom_Character_BP_Child_2.AlphaIndom_Character_BP_Child_2,AlphaIndom
/Game/Mods/Primal_Fear/Dinos/Alpha/Alpha_Owl/AlphaOwl_Character_BP_Child.AlphaOwl_Character_BP_Child,AlphaOwl
/Game/Mods/Primal_Fear/Dinos/Alpha/Alpha_Spindles/AlphaSpindles_Character_BP_Child.AlphaSpindles_Character_BP_Child,AlphaVelonasaur
/Game/Mods/Primal_Fear/Dinos/Alpha/Alpha_Defender/_AlphaDefender_Character_BP._AlphaDefender_Character_BP,AlphaEndTank
/Game/Mods/Primal_Fear/Dinos/Alpha/Alpha_BogSpider/Alpha_BogSpider_Character_BP_Child.Alpha_BogSpider_Character_BP_Child,AlphaBloodStalker
/Game/Mods/Primal_Fear/Dinos/Alpha/Alpha_ShapeShifter/Alpha_Shapeshifter_Small_Character_BP_Child.Alpha_Shapeshifter_Small_Character_BP_Child,AlphaFerox
/Game/Mods/Primal_Fear/Dinos/Alpha/Alpha_Tropeognathus/AlphaTropeognathus_Character_BP_Child.AlphaTropeognathus_Character_BP_Child,AlphaTropeognathus
/Game/Mods/Primal_Fear/Dinos/Alpha/Alpha_Cherufe/AlphaCherufe_Character_BP_Child.AlphaCherufe_Character_BP_Child,AlphaMagmasaur
/Game/Mods/Primal_Fear/Dinos/Alpha/Alpha_Deinonychus/AlphaDeinonychus_Character_BP_Child.AlphaDeinonychus_Character_BP_Child,AlphaDeinonychus
/Game/Mods/Primal_Fear/Dinos/Toxic/Toxic_Direbear/ToxicDirebear_Character_BP.ToxicDirebear_Character_BP,ToxicDirebear
/Game/Mods/Primal_Fear/Dinos/Toxic/Toxic_Megalodon/ToxicMegalodon_Character_BP.ToxicMegalodon_Character_BP,ToxicMegalodon
/Game/Mods/Primal_Fear/Dinos/Toxic/Toxic_Raptor/ToxicRaptor_Character_BP.ToxicRaptor_Character_BP,ToxicRaptor
/Game/Mods/Primal_Fear/Dinos/Toxic/Toxic_Ravanger/ToxicCaveWolf_Character_BP_Child.ToxicCaveWolf_Character_BP_Child,ToxicCaveWolf
/Game/Mods/Primal_Fear/Dinos/Toxic/Toxic_Direwolf/ToxicDirewolf_Character_BP_Child.ToxicDirewolf_Character_BP_Child,ToxicDirewolf
/Game/Mods/Primal_Fear/Dinos/Toxic/Toxic_Saber/ToxicSaber_Character_BP_Child.ToxicSaber_Character_BP_Child,ToxicSabertooth
/Game/Mods/Primal_Fear/Dinos/Toxic/Toxic_Terrorbird/ToxicTerrorBird_Character_BP_Child.ToxicTerrorBird_Character_BP_Child,ToxicTerrorbird
/Game/Mods/Primal_Fear/Dinos/Toxic/Toxic_Stygi/Toxic_Stygimoloch_Character_BP.Toxic_Stygimoloch_Character_BP,ToxicStygimoloch
/Game/Mods/Primal_Fear/Dinos/Toxic/Toxic_Phiomia/Toxic_Phiomia_Character_BP.Toxic_Phiomia_Character_BP,ToxicPhiomia
/Game/Mods/Primal_Fear/Dinos/Toxic/Toxic_Scorpion/Toxic_Scorpion_Character_BP_Child.Toxic_Scorpion_Character_BP_Child,ToxicScorpion
/Game/Mods/Primal_Fear/Dinos/Toxic/Toxic_Scorpion/Toxic_Scorpion_Character_BP_Aberrant.Toxic_Scorpion_Character_BP_Aberrant,ToxicScorpion
/Game/Mods/Primal_Fear/Dinos/Toxic/Toxic_Toad/Toxic_Toad_Character_BP.Toxic_Toad_Character_BP,ToxicToad
/Game/Mods/Primal_Fear/Dinos/Toxic/Toxic_Toad/Toxic_Toad_Character_BP_AB.Toxic_Toad_Character_BP_AB,ToxicToad
/Game/Mods/Primal_Fear/Dinos/Toxic/Toxic_Turtle/Toxic_Turtle_Character_BP_Child.Toxic_Turtle_Character_BP_Child,ToxicTurtle
/Game/Mods/Primal_Fear/Dinos/Toxic/Toxic_Turtle/Toxic_Turtle_Character_BP_Child_AB.Toxic_Turtle_Character_BP_Child_AB,ToxicTurtle
/Game/Mods/Primal_Fear/Dinos/Toxic/Toxic_Dodo/ToxicDodo_Character_BP.ToxicDodo_Character_BP,ToxicDodo
/Game/Mods/Primal_Fear/Dinos/Toxic/Toxic_Dodo/ToxicDodo_Character_BP_AB.ToxicDodo_Character_BP_AB,ToxicDodo
/Game/Mods/Primal_Fear/Dinos/Toxic/Toxic_Dodo/ToxicDodo_Character_BP_Zom.ToxicDodo_Character_BP_Zom,ToxicDodo
/Game/Mods/Primal_Fear/Dinos/Toxic/Toxic_Parasaur/Toxic_Para_Character_BP_Child.Toxic_Para_Character_BP_Child,ToxicPara
/Game/Mods/Primal_Fear/Dinos/Toxic/Toxic_Parasaur/Toxic_Para_Character_BP_Child_AB.Toxic_Para_Character_BP_Child_AB,ToxicPara
/Game/Mods/Primal_Fear/Dinos/Toxic/Toxic_Tarantula/ToxicTarantula_Character_BP_Child.ToxicTarantula_Character_BP_Child,ToxicTranatula
/Game/Mods/Primal_Fear/Dinos/Toxic/Toxic_Thylacoleo/ToxicThylacoleo_Character_BP_Child.ToxicThylacoleo_Character_BP_Child,ToxicThylacoleo
/Game/Mods/Primal_Fear/Dinos/Apex/Apex_Griffin/ApexGriffin_Character_BP.ApexGriffin_Character_BP,ApexGriffin
/Game/Mods/Primal_Fear/Dinos/Apex/Apex_Hyaenodon/ApexHyaenodon_Character_BP.ApexHyaenodon_Character_BP,ApexHyaenodon
/Game/Mods/Primal_Fear/Dinos/Apex/Apex_Yutyrannus/ApexYutyrannus_Character_BP.ApexYutyrannus_Character_BP,ApexYutyrannus
/Game/Mods/Primal_Fear/Dinos/Apex/Apex_Daeodon/ApexDaeodon_Character_BP.ApexDaeodon_Character_BP,ApexDaeodon
/Game/Mods/Primal_Fear/Dinos/Apex/Apex_Kentrosaurus/ApexKentro_Character_BP.ApexKentro_Character_BP,ApexKentro
/Game/Mods/Primal_Fear/Dinos/Apex/Apex_Liopleurodon/ApexLiopleurodon_Character_BP.ApexLiopleurodon_Character_BP,ApexLiopleurodon
/Game/Mods/Primal_Fear/Dinos/Apex/Apex_Wyverns/Apex_Poison/ApexWyvern_Character_BP_Poison.ApexWyvern_Character_BP_Poison,ApexPoisonWyvern
/Game/Mods/Primal_Fear/Dinos/Apex/Apex_Wyverns/Apex_Lightening/ApexWyvern_Character_BP_Lightning.ApexWyvern_Character_BP_Lightning,ApexLighteningWyvern
/Game/Mods/Primal_Fear/Dinos/Apex/Apex_Wyverns/Apex_Fire/ApexWyvern_Character_BP_Fire.ApexWyvern_Character_BP_Fire,ApexFireWyvern
/Game/Mods/Primal_Fear/Dinos/Apex/Apex_Tusoteuthis/ApexTusoteuthis_Character_BP.ApexTusoteuthis_Character_BP,ApexTuso
/Game/Mods/Primal_Fear/Dinos/Apex/Apex_Thylacoleo/ApexThylacoleo_Character_BP_Child.ApexThylacoleo_Character_BP_Child,ApexThylacoleo
/Game/Mods/Primal_Fear/Dinos/Apex/Apex_Therizinosaurus/ApexTherizino_Character_BP.ApexTherizino_Character_BP,ApexTherizino
/Game/Mods/Primal_Fear/Dinos/Apex/Apex_TerrorBird/ApexTerrorBird_Character_BP.ApexTerrorBird_Character_BP,ApexTerrorbird
/Game/Mods/Primal_Fear/Dinos/Apex/Apex_Spino/ApexSpino_Character_BP.ApexSpino_Character_BP,ApexSpino
/Game/Mods/Primal_Fear/Dinos/Apex/Apex_Thorny/ApexSpineyLizard_Character_BP.ApexSpineyLizard_Character_BP,ApexThorny
/Game/Mods/Primal_Fear/Dinos/Apex/Apex_Scorpion/ApexScorpion_Character_BP.ApexScorpion_Character_BP,ApexScorpion
/Game/Mods/Primal_Fear/Dinos/Apex/Apex_Sarco/ApexSarco_Character_BP.ApexSarco_Character_BP,ApexSarco
/Game/Mods/Primal_Fear/Dinos/Apex/Apex_Saber/ApexSaber_Character_BP.ApexSaber_Character_BP,ApexSaber
/Game/Mods/Primal_Fear/Dinos/Apex/Apex_Rex/ApexRex_Character_BP.ApexRex_Character_BP,ApexRex
/Game/Mods/Primal_Fear/Dinos/Apex/Apex_Raptor/ApexRaptor_Character_BP.ApexRaptor_Character_BP,ApexRaptor
/Game/Mods/Primal_Fear/Dinos/Apex/Apex_Purlovia/ApexPurlovia_Character_BP.ApexPurlovia_Character_BP,ApexPurlovia
/Game/Mods/Primal_Fear/Dinos/Apex/Apex_Plesiosaur/ApexPlesiosaur_Character_BP.ApexPlesiosaur_Character_BP,ApexPlesi
/Game/Mods/Primal_Fear/Dinos/Apex/Apex_Mosasaurus/ApexMosa_Character_BP.ApexMosa_Character_BP,ApexMosa
/Game/Mods/Primal_Fear/Dinos/Apex/Apex_Megalodon/ApexMegalodon_Character_BP.ApexMegalodon_Character_BP,ApexMegalodon
/Game/Mods/Primal_Fear/Dinos/Apex/Apex_Kaprosuchus/ApexKaprosuchus_Character_BP.ApexKaprosuchus_Character_BP,ApexKapro
/Game/Mods/Primal_Fear/Dinos/Apex/Apex_Giganotosaurus/ApexGigant_Character_BP.ApexGigant_Character_BP,ApexGiga
/Game/Mods/Primal_Fear/Dinos/Apex/Apex_Direwolf/ApexDirewolf_Character_BP.ApexDirewolf_Character_BP,ApexDirewolf
/Game/Mods/Primal_Fear/Dinos/Apex/Apex_Direbear/ApexDirebear_Character_BP.ApexDirebear_Character_BP,ApexDirebear
/Game/Mods/Primal_Fear/Dinos/Apex/Apex_Dilo/ApexDilo_Character_BP.ApexDilo_Character_BP,ApexDilo
/Game/Mods/Primal_Fear/Dinos/Apex/Apex_Chalicotherium/ApexChalico_Character_BP.ApexChalico_Character_BP,ApexChalico
/Game/Mods/Primal_Fear/Dinos/Apex/Apex_Carno/ApexCarno_Character_BP.ApexCarno_Character_BP,ApexCarno
/Game/Mods/Primal_Fear/Dinos/Apex/Apex_Basilosaurus/ApexBasilosaurus_Character_BP.ApexBasilosaurus_Character_BP,ApexBasil
/Game/Mods/Primal_Fear/Dinos/Apex/Apex_Baryonyx/ApexBaryonyx_Character_BP.ApexBaryonyx_Character_BP,ApexBaryonyx
/Game/Mods/Primal_Fear/Dinos/Apex/Apex_Argent/ApexArgent_Character_BP.ApexArgent_Character_BP,ApexArgent
/Game/Mods/Primal_Fear/Dinos/Apex/Apex_Allosaurus/ApexAllo_Character_BP.ApexAllo_Character_BP,ApexAllo
/Game/Mods/Primal_Fear/Dinos/Apex/Apex_Phoenix/ApexPhoenix_Character_BP.ApexPhoenix_Character_BP,ApexPhoenix
/Game/Mods/Primal_Fear/Dinos/Apex/Apex_Megalosaurus/ApexMegalosaurus_Character_BP.ApexMegalosaurus_Character_BP,ApexMegalosaurus
/Game/Mods/Primal_Fear/Dinos/Apex/Apex_Basilisk/ApexBasilisk_Character_BP_Child.ApexBasilisk_Character_BP_Child,ApexBasilisk
/Game/Mods/Primal_Fear/Dinos/Apex/Apex_CaveWolf/ApexCaveWolf_Character_BP_Child.ApexCaveWolf_Character_BP_Child,ApexCaveWolf
/Game/Mods/Primal_Fear/Dinos/Apex/Apex_Crab/ApexCrab_Character_BP_Child.ApexCrab_Character_BP_Child,ApexCrab
/Game/Mods/Primal_Fear/Dinos/Apex/Apex_RockDrake/ApexRockDrake_Character_BP_Child.ApexRockDrake_Character_BP_Child,ApexRockDrake
/Game/Mods/Primal_Fear/Dinos/Apex/Apex_Reaper/Queen/_ApexXenomorph_Character_BP_Female._ApexXenomorph_Character_BP_Female,ApexXenomorph
/Game/Mods/Primal_Fear/Dinos/Apex/Apex_Reaper/King/ApexXenomorph_Character_BP_Male_Tamed_Child.ApexXenomorph_Character_BP_Male_Tamed_Child,ApexMaleXenomorph
/Game/Mods/Primal_Fear/Dinos/Apex/Apex_Seeker/ApexPteroteuthis_Char_BP_Child.ApexPteroteuthis_Char_BP_Child,ApexSeeker
/Game/Mods/Primal_Fear/Dinos/Apex/Apex_Enforcer/ApexEnforcer_Character_BP_Child.ApexEnforcer_Character_BP_Child,ApexEnforcer
/Game/Mods/Primal_Fear/Dinos/Apex/Apex_IceJumper/ApexIceJumper_Character_BP_Child.ApexIceJumper_Character_BP_Child,ApexManagarmr
/Game/Mods/Primal_Fear/Dinos/Apex/Apex_Indom/ApexIndom_Character_BP_Child.ApexIndom_Character_BP_Child,ApexIndom
/Game/Mods/Primal_Fear/Dinos/Apex/Apex_Owl/ApexOwl_Character_BP_Child.ApexOwl_Character_BP_Child,ApexOwl
/Game/Mods/Primal_Fear/Dinos/Apex/Apex_Spindles/ApexSpindles_Character_BP_Child.ApexSpindles_Character_BP_Child,ApexVelonasaur
/Game/Mods/Primal_Fear/Dinos/Apex/Apex_Defender/_ApexDefender_Character_BP._ApexDefender_Character_BP,ApexEndTank
/Game/Mods/Primal_Fear/Dinos/Apex/Apex_ShapeShifter/Apex_Shapeshifter_Small_Character_BP_Child.Apex_Shapeshifter_Small_Character_BP_Child,ApexFerox
/Game/Mods/Primal_Fear/Dinos/Apex/Apex_Deinonychus/ApexDeinonychus_Character_BP_Child.ApexDeinonychus_Character_BP_Child,AexDeinonychus
/Game/Mods/Primal_Fear/Dinos/Fabled/Fabled_Trike/FabledTrike_Character_BP.FabledTrike_Character_BP,FabledTrike
/Game/Mods/Primal_Fear/Dinos/Fabled/Fabled_Toad/FabledToad_Character_BP.FabledToad_Character_BP,FabledToad
/Game/Mods/Primal_Fear/Dinos/Fabled/Fabled_Tapejara/FabledTapejara_Character_BP.FabledTapejara_Character_BP,FabledTapejara
/Game/Mods/Primal_Fear/Dinos/Fabled/Fabled_Stego/FabledStego_Character_BP.FabledStego_Character_BP,FabledStego
/Game/Mods/Primal_Fear/Dinos/Fabled/Fabled_Stag/FabledStag_Character_BP.FabledStag_Character_BP,FabledStag
/Game/Mods/Primal_Fear/Dinos/Fabled/Fabled_Bronto/FabledSauropod_Character_BP.FabledSauropod_Character_BP,FabledBronto
/Game/Mods/Primal_Fear/Dinos/Fabled/Fabled_RockGolem/FabledRockGolem_Character_BP.FabledRockGolem_Character_BP,FabledRockGolem
/Game/Mods/Primal_Fear/Dinos/Fabled/Fabled_Quetz/FabledQuetz_Character_BP.FabledQuetz_Character_BP,FabledQuetz
/Game/Mods/Primal_Fear/Dinos/Fabled/Fabled_Mantis/FabledMantis_Character_BP.FabledMantis_Character_BP,FabledMantis
/Game/Mods/Primal_Fear/Dinos/Fabled/Fabled_Mammoth/FabledMammoth_Character_BP.FabledMammoth_Character_BP,FabledMammoth
/Game/Mods/Primal_Fear/Dinos/Fabled/Fabled_Unicorn/FabledEquus_Character_BP_Unicorn.FabledEquus_Character_BP_Unicorn,FabledUnicorn
/Game/Mods/Primal_Fear/Dinos/Fabled/Fabled_Equus/FabledEquus_Character_BP.FabledEquus_Character_BP,FabledEquus
/Game/Mods/Primal_Fear/Dinos/Fabled/Fabled_Dolphin/FabledDolphin_Character_BP.FabledDolphin_Character_BP,FabledDolphin
/Game/Mods/Primal_Fear/Dinos/Fabled/Fabled_Doed/FabledDoed_Character_BP_V2.FabledDoed_Character_BP_V2,FabledDoed
/Game/Mods/Primal_Fear/Dinos/Fabled/Fabled_Camelsaurus/Fabledcamelsaurus_Character_BP.Fabledcamelsaurus_Character_BP,FabledCamelsaurus
/Game/Mods/Primal_Fear/Dinos/Fabled/Fabled_Bigfoot/FabledBigfoot_Character_BP.FabledBigfoot_Character_BP,FabledBigfoot
/Game/Mods/Primal_Fear/Dinos/Fabled/Fabled_Beaver/FabledBeaver_Character_BP.FabledBeaver_Character_BP,FabledBeaver
/Game/Mods/Primal_Fear/Dinos/Fabled/Fabled_Theri/FabledTherizino_Character_BP_Child.FabledTherizino_Character_BP_Child,FabledTherizinosaurus
/Game/Mods/Primal_Fear/Dinos/Fabled/Fabled_Rhino/Fabled_Rhino_Character_BP_Child.Fabled_Rhino_Character_BP_Child,FabledRhino
/Game/Mods/Primal_Fear/Dinos/Fabled/Fabled_Argy/FabledArgent_Character_BP.FabledArgent_Character_BP,FabledArgentavis
/Game/Mods/Primal_Fear/Dinos/Fabled/Fabled_Ankylo/FabledAnkylo_Character_BP_V2.FabledAnkylo_Character_BP_V2,FabledAnkylo
/Game/Mods/Primal_Fear/Dinos/Fabled/Fabled_Ptero/NewFabledPtero_Character_BP.NewFabledPtero_Character_BP,FabledPtero
/Game/Mods/Primal_Fear/Dinos/Fabled/Fabled_Grifficorn/FabledGrifficorn_Character_BP.FabledGrifficorn_Character_BP,FabledGrifficorn
/Game/Mods/Primal_Fear/Dinos/Fabled/Fabled_Jerboa/FabledJerboaMother_Character_BP.FabledJerboaMother_Character_BP,FabledJerboa
/Game/Mods/Primal_Fear/Dinos/Fabled/Fabled_Jerboa/FabledJerboa_Character_BP.FabledJerboa_Character_BP,FabledJerboa
/Game/Mods/Primal_Fear/Dinos/Fabled/Fabled_MoleRat/FabledMoleRat_Character_BP_Child.FabledMoleRat_Character_BP_Child,FabledMoleRat
/Game/Mods/Primal_Fear/Dinos/Fabled/Fabled_Shinehorn/Fabled_LanternGoat_Character_BP_Child_Rideable.Fabled_LanternGoat_Character_BP_Child_Rideable,FabledLanternGoat
/Game/Mods/Primal_Fear/Dinos/Fabled/Fabled_Featherlight/FabledLanternBird_Character_BP_Rideable.FabledLanternBird_Character_BP_Rideable,FabledLanternBird
/Game/Mods/Primal_Fear/Dinos/Fabled/Fabled_LanternLizard/FabledLanternLizard_Character_BP_Child_Rideable.FabledLanternLizard_Character_BP_Child_Rideable,FabledLanternLizard
/Game/Mods/Primal_Fear/Dinos/Fabled/Fabled_Bulbdog/FabledLanternPug_Character_BP_Child_Rideable.FabledLanternPug_Character_BP_Child_Rideable,FabledLanternPug
/Game/Mods/Primal_Fear/Dinos/Fabled/Fabled_Paracer/FabledParacer_Character_BP_Child.FabledParacer_Character_BP_Child,FabledParacer
/Game/Mods/Primal_Fear/Dinos/Fabled/Fabled_Stygimoloch/FabledStygimoloch_Character_BP.FabledStygimoloch_Character_BP,FabledStygimoloch
/Game/Mods/Primal_Fear/Dinos/Fabled/Fabled_Styracosaurus/FabledStyracosaurus_Character_BP.FabledStyracosaurus_Character_BP,FabledStyracosaurus
/Game/Mods/Primal_Fear/Dinos/Fabled/Fabled_Brachi/FabledBrachio_Character_BP.FabledBrachio_Character_BP,FabledBrachio (FabledBronto Temp)
/Game/Mods/Primal_Fear/Dinos/Fabled/Fabled_Gacha/FabledGacha_Character_BP_Child.FabledGacha_Character_BP_Child,FabledGacha
/Game/Mods/Primal_Fear/Dinos/Fabled/Fabled_Gasbags/FabledGasBags_Character_BP_Child.FabledGasBags_Character_BP_Child,FabledGasBags
/Game/Mods/Primal_Fear/Dinos/Fabled/Fabled_Owl/FabledOwl_Character_BP_Child.FabledOwl_Character_BP_Child,FabledOwl
/Game/Mods/Primal_Fear/Dinos/Fabled/Fabled_BogSpider/Fabled_BogSpider_Character_BP_Child.Fabled_BogSpider_Character_BP_Child,FabledBloodstalker
/Game/Mods/Primal_Fear/Dinos/Fabled/Fabled_Giant_Turtle/FabledGiantTurtle_Character_BP_Child.FabledGiantTurtle_Character_BP_Child,FabledMegachelon
/Game/Mods/Primal_Fear/Dinos/Fabled/Fabled_Tropeognathus/FabledTropeognathus_Character_BP_Child.FabledTropeognathus_Character_BP_Child,FabledTropeognathus
/Game/Mods/Primal_Fear/Dinos/Fabled/Fabled_Cherufe/FabledCherufe_Character_BP_Child.FabledCherufe_Character_BP_Child,FabledMagmasaur
/Game/Mods/Primal_Fear/Dinos/Primal/Primal_Kentrosaurus/PrimalKentro_Character_BP.PrimalKentro_Character_BP,PrimalKentro
/Game/Mods/Primal_Fear/Dinos/Primal/Primal_Liopleurodon/PrimalLiopleurodon_Character_BP.PrimalLiopleurodon_Character_BP,PrimalLiopleurodon
/Game/Mods/Primal_Fear/Dinos/Primal/Primal_Thylacoleo/PrimalThylacoleo_Character_BP_Child.PrimalThylacoleo_Character_BP_Child,PrimalThylacoleo
/Game/Mods/Primal_Fear/Dinos/Primal/Primal_Spino/PrimalSpino_Character_BP.PrimalSpino_Character_BP,PrimalSpino
/Game/Mods/Primal_Fear/Dinos/Primal/Primal_Rex/PrimalRex_Character_BP.PrimalRex_Character_BP,PrimalRex
/Game/Mods/Primal_Fear/Dinos/Primal/Primal_Raptor/PrimalRaptor_Character_BP.PrimalRaptor_Character_BP,PrimalRaptor
/Game/Mods/Primal_Fear/Dinos/Primal/Primal_Plesi/PrimalPlesiosaur_Character_BP.PrimalPlesiosaur_Character_BP,PrimalPlesi
/Game/Mods/Primal_Fear/Dinos/Primal/Primal_Mosa/PrimalMosa_Character_BP.PrimalMosa_Character_BP,PrimalMosa
/Game/Mods/Primal_Fear/Dinos/Primal/Primal_Megalodon/PrimalMegalodon_Character_BP.PrimalMegalodon_Character_BP,PrimalMegalodon
/Game/Mods/Primal_Fear/Dinos/Primal/Primal_Gigant/PrimalGigant_Character_BP.PrimalGigant_Character_BP,PrimalGiga
/Game/Mods/Primal_Fear/Dinos/Primal/Primal_Direbear/PrimalDirebear_Character_BP.PrimalDirebear_Character_BP,PrimalDirebear
/Game/Mods/Primal_Fear/Dinos/Primal/Primal_Carno/PrimalCarno_Character_BP.PrimalCarno_Character_BP,PrimalCarno
/Game/Mods/Primal_Fear/Dinos/Primal/Primal_Allo/PrimalAllo_Character_BP.PrimalAllo_Character_BP,PrimalAllo
/Game/Mods/Primal_Fear/Dinos/Primal/Primal_RockDrake/PrimalRockDrake_Character_BP_Child.PrimalRockDrake_Character_BP_Child,PrimalRockDrake
/Game/Mods/Primal_Fear/Dinos/Elder/Elite_Ichthyornis/EliteIchthyornis_Character_BP.EliteIchthyornis_Character_BP,EliteIcthyornis
/Game/Mods/Primal_Fear/Dinos/Elder/Elder_Hesperornis/ElderHesperornis_Character_BP.ElderHesperornis_Character_BP,ElderHesperornis
/Game/Mods/Primal_Fear/Dinos/Elder/Elder_Moschops/ElderMoschops_Character_BP.ElderMoschops_Character_BP,ElderMoschops
/Game/Mods/Primal_Fear/Dinos/Elder/Elder_Otter/ElderOtter_Character_BP.ElderOtter_Character_BP,ElderOtter
/Game/Mods/Primal_Fear/Dinos/Elder/Elder_Phoenix/ElderPhoenix_Character_BP.ElderPhoenix_Character_BP,ElderPhoenix
/Game/Mods/Primal_Fear/Dinos/Elder/Clown_Monkey/ClownMonkey_Character_BP.ClownMonkey_Character_BP,ClownMonkey
/Game/Mods/Primal_Fear/Dinos/Elder/Clown_Bigfoot/ClownBigfoot_Character_BP.ClownBigfoot_Character_BP,ClownBigfoot
/Game/Mods/Primal_Fear/Dinos/Elder/Clown_Megatherium/ClownMegatherium_Character_BP.ClownMegatherium_Character_BP,ClownMegatherium
/Game/Mods/Primal_Fear/Dinos/Elder/Clown_ShapeShifter/Clown_ShapeShifter_Character_BP.Clown_ShapeShifter_Character_BP,ClownFerox
/Game/Mods/Primal_Fear/Dinos/Elder/Clown_ChupaCabra/Clown_ChupaCabra_Character_BP.Clown_ChupaCabra_Character_BP,ClownChupacabra
/Game/Mods/Primal_Fear/Dinos/Malin/MalinUnicorn_Character_BP.MalinUnicorn_Character_BP,MalinUnicorn
/Game/Mods/Primal_Fear/Dinos/Malin/Malin_Ptera/MalinPtero_Character_BP.MalinPtero_Character_BP,MalinPtero
/Game/Mods/Primal_Fear/Dinos/Elemental/Griffin/Poison/PosionGriffin_Character_BP.PosionGriffin_Character_BP,PoisonGriffin
/Game/Mods/Primal_Fear/Dinos/Elemental/Griffin/Light/LightGriffin_Character_BP.LightGriffin_Character_BP,LightGriffin
/Game/Mods/Primal_Fear/Dinos/Elemental/Griffin/Ice/IceGriffin_Character_BP.IceGriffin_Character_BP,IceGriffin
/Game/Mods/Primal_Fear/Dinos/Elemental/Griffin/Fire/FireGriffin_Character_BP.FireGriffin_Character_BP,FireGriffin
/Game/Mods/Primal_Fear/Dinos/Elemental/Griffin/Electric/ElectricGriffin_Character_BP.ElectricGriffin_Character_BP,ElectricGriffin
/Game/Mods/Primal_Fear/Dinos/Elemental/Griffin/Dark/DarkGriffin_Character_BP.DarkGriffin_Character_BP,DarkGriffin
/Game/Mods/Primal_Fear/Dinos/Elemental/Microraptor/Dark/DarkMicroraptor_Character_BP.DarkMicroraptor_Character_BP,DarkMegaraptor
/Game/Mods/Primal_Fear/Dinos/Elemental/Microraptor/Electric/ElectricMicroraptor_Character_BP.ElectricMicroraptor_Character_BP,ElectricMegaraptor
/Game/Mods/Primal_Fear/Dinos/Elemental/Microraptor/Fire/FlameMicroraptor_Character_BP.FlameMicroraptor_Character_BP,FireMegaraptor
/Game/Mods/Primal_Fear/Dinos/Elemental/Microraptor/Ice/IceMicroraptor_Character_BP.IceMicroraptor_Character_BP,IceMegaraptor
/Game/Mods/Primal_Fear/Dinos/Elemental/Microraptor/Light/LightMicroraptor_Character_BP.LightMicroraptor_Character_BP,LightMegaraptor
/Game/Mods/Primal_Fear/Dinos/Elemental/Microraptor/Poison/PoisonMicroraptor_Character_BP.PoisonMicroraptor_Character_BP,PoisonMegaraptor
/Game/Mods/Primal_Fear/Dinos/Elemental/Archaeopteryx/Dark/DarkArcha_Character_BP.DarkArcha_Character_BP,ElementalArcha
/Game/Mods/Primal_Fear/Dinos/Elemental/Archaeopteryx/Light/LightArcha_Character_BP.LightArcha_Character_BP,ElementalArcha
/Game/Mods/Primal_Fear/Dinos/Elemental/Archaeopteryx/Electric/ElementalElectricArcha_Character_BP.ElementalElectricArcha_Character_BP,ElementalArcha
/Game/Mods/Primal_Fear/Dinos/Elemental/Archaeopteryx/Fire/ElementalFireArcha_Character_BP.ElementalFireArcha_Character_BP,ElementalArcha
/Game/Mods/Primal_Fear/Dinos/Elemental/Archaeopteryx/Ice/ElementalIceArcha_Character_BP.ElementalIceArcha_Character_BP,ElementalArcha
/Game/Mods/Primal_Fear/Dinos/Elemental/Archaeopteryx/Poison/ElementalPoisonArcha_Character_BP.ElementalPoisonArcha_Character_BP,ElementalArcha
/Game/Mods/Primal_Fear/Dinos/Elemental/Featherlight/Light/LightLanternBird_Character_BP.LightLanternBird_Character_BP,ElementalFeatherlight
/Game/Mods/Primal_Fear/Dinos/Elemental/Featherlight/Poison/PoisonLanternBird_Character_BP.PoisonLanternBird_Character_BP,ElementalFeatherlight
/Game/Mods/Primal_Fear/Dinos/Elemental/Featherlight/Ice/IceLanternBird_Character_BP.IceLanternBird_Character_BP,ElementalFeatherlight
/Game/Mods/Primal_Fear/Dinos/Elemental/Featherlight/Electric/ElectricLanternBird_Character_BP.ElectricLanternBird_Character_BP,ElementalFeatherlight
/Game/Mods/Primal_Fear/Dinos/Elemental/Featherlight/Fire/FireLanternBird_Character_BP.FireLanternBird_Character_BP,ElementalFeatherlight
/Game/Mods/Primal_Fear/Dinos/Elemental/Featherlight/Dark/DarkLanternBird_Character_BP.DarkLanternBird_Character_BP,ElementalFeatherlight
/Game/Mods/Primal_Fear/Dinos/Elder/Evil_Equus/EvilEquus_Character_BP.EvilEquus_Character_BP,EvilEquus
/Game/Mods/Primal_Fear/Dinos/Elder/Evil_Sheep/EvilSheep_Character_BP.EvilSheep_Character_BP,EvilSheep
/Game/Mods/Primal_Fear/Dinos/Elder/Evil_Monkey/EvilMonkey_Character_BP.EvilMonkey_Character_BP,EvilMonkey
/Game/Mods/Primal_Fear/Dinos/Elder/Evil_Daeodon/EvilDaeodon_Character_BP.EvilDaeodon_Character_BP,EvilDaeodon
/Game/Mods/Primal_Fear/Dinos/Elder/Evil_Hyaenodon/EvilHyaenodon_Character_BP.EvilHyaenodon_Character_BP,EvilHyaenodon
/Game/Mods/Primal_Fear/Dinos/Elder/Evil_Megatherium/EvilMegatherium_Character_BP.EvilMegatherium_Character_BP,EvilMegatherium
/Game/Mods/Primal_Fear/Dinos/Elder/Evil_Reaper_Empress/Female/_EvilXenomorph_Character_BP_Female._EvilXenomorph_Character_BP_Female,DemonicXenomorphEmpress
/Game/Mods/Primal_Fear/Dinos/Elder/Evil_Reaper_Empress/TamedVersion/_EvilXenomorph_Character_BP_Female_Tamed._EvilXenomorph_Character_BP_Female_Tamed,DemonicXenomorphEmpress
/Game/Mods/Primal_Fear/Dinos/Elder/Evil_Shinehorn/EvilLanternGoat_Character_BP_Child.EvilLanternGoat_Character_BP_Child,EvilLanternGoat
/Game/Mods/Primal_Fear/Dinos/Elder/Evil_Glowtail/EvilLanternLizard_Character_BP_Child.EvilLanternLizard_Character_BP_Child,EvilLanternLizard
/Game/Mods/Primal_Fear/Dinos/Elder/Evil_Bulbdog/EvilLanternPug_Character_BP_Child.EvilLanternPug_Character_BP_Child,EvilLanternPug
/Game/Mods/Primal_Fear/Dinos/Elder/Evil_Rollrat/EvilMoleRat_Character_BP_Child.EvilMoleRat_Character_BP_Child,EvilMoleRat
/Game/Mods/Primal_Fear/Dinos/Elder/Evil_ThornyDragon/EvilSpineyLizard_Character_BP.EvilSpineyLizard_Character_BP,EvilSpineyLizard
/Game/Mods/Primal_Fear/Dinos/Demonic/Kapro/Evil_Kaprosuchus_Character_BP.Evil_Kaprosuchus_Character_BP,Evil_Kaprosuchus
/Game/Mods/Primal_Fear/Dinos/Demonic/Parasaur/EvilPara_Character_BP.EvilPara_Character_BP,Evilpara
/Game/Mods/Primal_Fear/Dinos/Celestial/Rex/CelestialRex_Character_BP.CelestialRex_Character_BP,CelestialRex
/Game/Mods/Primal_Fear/Dinos/Celestial/Wyvern/CelestialWyvern_Character_BP_Fire.CelestialWyvern_Character_BP_Fire,CelestialWyvern
/Game/Mods/Primal_Fear/Dinos/Celestial/Wyvern/CelestialWyvern_Character_BP_Ice.CelestialWyvern_Character_BP_Ice,CelestialWyvern
/Game/Mods/Primal_Fear/Dinos/Celestial/Argentavis/CelestialArgent_Character_BP.CelestialArgent_Character_BP,CelestialArgent
/Game/Mods/Primal_Fear/Dinos/Celestial/Spino/CelestialSpino_Character_BP.CelestialSpino_Character_BP,CelestialSpino
/Game/Mods/Primal_Fear/Dinos/Celestial/Griffin/CelestialGriffin_Character_BP.CelestialGriffin_Character_BP,CelestialGriffin
/Game/Mods/Primal_Fear/Dinos/Celestial/Yutyrannus/CelestialYutyrannus_Character_BP.CelestialYutyrannus_Character_BP,CelestialYutyrannus
/Game/Mods/Primal_Fear/Dinos/Celestial/Thylacoleo/CelestialThylacoleo_Character_BP_Child.CelestialThylacoleo_Character_BP_Child,CelestialThylacoleo
/Game/Mods/Primal_Fear/Dinos/Celestial/RockDrake/CelestialRockDrake_Character_BP_Child.CelestialRockDrake_Character_BP_Child,CelestialRockDrake
/Game/Mods/Primal_Fear/Dinos/Celestial/Allo/CelestialAllo_Character_BP_Child.CelestialAllo_Character_BP_Child,CelestialAllo
/Game/Mods/Primal_Fear/Dinos/Celestial/Seeker/CelestialPteroteuthis_Character_BP_Child.CelestialPteroteuthis_Character_BP_Child,CelestialSeeker
/Game/Mods/Primal_Fear/Dinos/Celestial/Emperor/Blueprints/CelestialIndom_Character_BP_Child_Emperor.CelestialIndom_Character_BP_Child_Emperor,CelestialEmperor
/Game/Mods/Primal_Fear/Dinos/Celestial/Emperor/Blueprints/CelestialIndom_Character_BP_Child_Emperor_Tameable.CelestialIndom_Character_BP_Child_Emperor_Tameable,CelestialEmperor
/Game/Mods/Primal_Fear/Dinos/Celestial/Therizino/CelestialTherizino_Character_BP.CelestialTherizino_Character_BP,CelestialTherizino
/Game/Mods/Primal_Fear/Dinos/Celestial/Allo/CelestialAllo_Character_BP_A.CelestialAllo_Character_BP_A,CelestialAllo
/Game/Mods/Primal_Fear/Dinos/Celestial/Argentavis/CelestialArgent_Character_BP_A.CelestialArgent_Character_BP_A,CelestialArgent
/Game/Mods/Primal_Fear/Dinos/Celestial/Griffin/CelestialGriffin_Character_BP_A.CelestialGriffin_Character_BP_A,CelestialGriffin
/Game/Mods/Primal_Fear/Dinos/Celestial/Seeker/CelestialPteroteuthis_Character_BP_Child_A.CelestialPteroteuthis_Character_BP_Child_A,CelestialSeeker
/Game/Mods/Primal_Fear/Dinos/Celestial/Rex/CelestialRex_Character_BP_A.CelestialRex_Character_BP_A,CelestialRex
/Game/Mods/Primal_Fear/Dinos/Celestial/RockDrake/CelestialRockDrake_Character_BP_Child_A.CelestialRockDrake_Character_BP_Child_A,CelestialRockDrake
/Game/Mods/Primal_Fear/Dinos/Celestial/Spino/CelestialSpino_Character_BP_A.CelestialSpino_Character_BP_A,CelestialSpino
/Game/Mods/Primal_Fear/Dinos/Celestial/Thylacoleo/CelestialThylacoleo_Character_BP_Child_A.CelestialThylacoleo_Character_BP_Child_A,CelestialThylacoleo
/Game/Mods/Primal_Fear/Dinos/Celestial/Wyvern/CelestialWyvern_Character_BP_Ice_A.CelestialWyvern_Character_BP_Ice_A,CelestialWyvern
/Game/Mods/Primal_Fear/Dinos/Celestial/Wyvern/CelestialWyvern_Character_BP_Fire_A.CelestialWyvern_Character_BP_Fire_A,CelestialWyvern
/Game/Mods/Primal_Fear/Dinos/Celestial/Yutyrannus/CelestialYutyrannus_Character_BP_A.CelestialYutyrannus_Character_BP_A,CelestialYutyrannus
/Game/Mods/Primal_Fear/Dinos/Celestial/Therizino/CelestialTherizino_Character_BP_A.CelestialTherizino_Character_BP_A,CelestialTherizino
/Game/Mods/Primal_Fear/Dinos/Celestial/Rex/CelestialRex_Character_BP_C.CelestialRex_Character_BP_C,CorruptCelestialRex
/Game/Mods/Primal_Fear/Dinos/Celestial/RockDrake/CelestialRockDrake_Character_BP_Child_C.CelestialRockDrake_Character_BP_Child_C,CorruptCelestialRockDrake
/Game/Mods/Primal_Fear/Dinos/Celestial/Spino/CelestialSpino_Character_BP_C.CelestialSpino_Character_BP_C,CorruptCelestialSpino
/Game/Mods/Primal_Fear/Dinos/Celestial/Wyvern/CelestialWyvern_Character_BP_Fire_C.CelestialWyvern_Character_BP_Fire_C,CorruptCelestialWyvern
/Game/Mods/Primal_Fear/Dinos/Celestial/Wyvern/CelestialWyvern_Character_BP_Ice_C.CelestialWyvern_Character_BP_Ice_C,CorruptCelestialWyvern
/Game/Mods/Primal_Fear/Dinos/Celestial/Therizino/CelestialTherizino_Character_BP_C.CelestialTherizino_Character_BP_C,CelestialTherizino
/Game/Mods/Primal_Fear/Dinos/Celestial/Rex/CelestialRex_Character_BP_AC.CelestialRex_Character_BP_AC,CorruptCelestialRex
/Game/Mods/Primal_Fear/Dinos/Celestial/RockDrake/CelestialRockDrake_Character_BP_Child_AC.CelestialRockDrake_Character_BP_Child_AC,CorruptCelestialRockDrake
/Game/Mods/Primal_Fear/Dinos/Celestial/Spino/CelestialSpino_Character_BP_AC.CelestialSpino_Character_BP_AC,CorruptCelestialSpino
/Game/Mods/Primal_Fear/Dinos/Celestial/Wyvern/CelestialWyvern_Character_BP_Fire_AC.CelestialWyvern_Character_BP_Fire_AC,CorruptCelestialWyvern
/Game/Mods/Primal_Fear/Dinos/Celestial/Wyvern/CelestialWyvern_Character_BP_Ice_AC.CelestialWyvern_Character_BP_Ice_AC,CorruptCelestialWyvern
/Game/Mods/Primal_Fear/Dinos/Celestial/Therizino/CelestialTherizino_Character_BP_AC.CelestialTherizino_Character_BP_AC,CelestialTherizino
/Game/Mods/Primal_Fear/Dinos/Celestial/Direbear/Celestial_Direbear_Character_BP.Celestial_Direbear_Character_BP,Celestial_Direbear
/Game/Mods/Primal_Fear/Dinos/Celestial/Shapeshifter/Celestial_ShapeShifter_Character_BP.Celestial_ShapeShifter_Character_BP,Celestial_Shapeshifter
/Game/Mods/Primal_Fear/Dinos/Celestial/Direbear/Celestial_Direbear_Character_BP_A.Celestial_Direbear_Character_BP_A,Celestial_Direbear
/Game/Mods/Primal_Fear/Dinos/Celestial/Shapeshifter/Celestial_ShapeShifter_Character_BP_A.Celestial_ShapeShifter_Character_BP_A,Celestial_Shapeshifter
/Game/Mods/Primal_Fear/Dinos/Origin/Origin_Argent/OriginArgent_Character_BP.OriginArgent_Character_BP,OriginArgentavis
/Game/Mods/Primal_Fear/Dinos/Origin/Origin_Carno/OriginCarno_Character_BP.OriginCarno_Character_BP,OriginCarno
/Game/Mods/Primal_Fear/Dinos/Origin/Origin_Direbear/OriginDirebear_Character_BP.OriginDirebear_Character_BP,OriginDirebear
/Game/Mods/Primal_Fear/Dinos/Origin/Origin_Kairuku/OriginKairuku_Character_BP.OriginKairuku_Character_BP,OriginKairuku
/Game/Mods/Primal_Fear/Dinos/Origin/Origin_Raptor/OriginRaptor_Character_BP.OriginRaptor_Character_BP,OriginRaptor
/Game/Mods/Primal_Fear/Dinos/Origin/Origin_Rex/OriginRex_Character_BP.OriginRex_Character_BP,OriginRex
/Game/Mods/Primal_Fear/Dinos/Origin/Origin_Spino/OriginSpino_Character_BP.OriginSpino_Character_BP,OriginSpino
/Game/Mods/Primal_Fear/Dinos/Origin/Origin_Wyvern/OriginWyvern_Character_BP_Fire.OriginWyvern_Character_BP_Fire,OriginWyvern
/Game/Mods/Primal_Fear/Dinos/Creator_Boss/V3/CreatorBoss_Character_BP.CreatorBoss_Character_BP,CreatorEelBoss
/Game/Mods/Primal_Fear/Dinos/Elder/Bunny/BunnyLittle_Character_BP.BunnyLittle_Character_BP,Bunny
/Game/Mods/Primal_Fear/Dinos/Elder/Artifacto/Artifacto_Character_BP.Artifacto_Character_BP,Artifacto
/Game/Mods/Primal_Fear/Dinos/Pirate/RockGolem/PirateRockGolem_Character_BP_Boss.PirateRockGolem_Character_BP_Boss,PirateRockElemental
/Game/Mods/Primal_Fear/Dinos/Pirate/RockGolem/PirateRockGolem_Character_BP_Tamed.PirateRockGolem_Character_BP_Tamed,PirateRockElemental
/Game/Mods/Primal_Fear/Dinos/Pirate/Tortuga/TortugaGiantTurtle_Character_BP_Child.TortugaGiantTurtle_Character_BP_Child,TrotugaGianTurtle
/Game/Mods/Primal_Fear/Dinos/Chaos/Guardians/Chaos/WyvernGuardian_Character_BP_Base_Child_Chaos.WyvernGuardian_Character_BP_Base_Child_Chaos,ChaosGuardian
/Game/Mods/Primal_Fear/Dinos/Chaos/Wyverns/Chaos/WyvernGuardian_Character_BP_Base_Child_Chaos_Tamed.WyvernGuardian_Character_BP_Base_Child_Chaos_Tamed,ChaosWyvern
/Game/Mods/Primal_Fear/Dinos/Chaos/Rex/Chaos/ChaosRex_Character_BP_Child.ChaosRex_Character_BP_Child,ChaosRex
/Game/Mods/Primal_Fear/Dinos/Chaos/Griffin/Chaos_Griffin_Character_BP.Chaos_Griffin_Character_BP,Chaos_Griffin
/Game/Mods/Primal_Fear/Dinos/Chaos/Spino/Chaos_Spino_Character_BP.Chaos_Spino_Character_BP,Chaos_Spino
/Game/Mods/Primal_Fear/Dinos/Chaos/Thylacoleo/Chaos_Thylacoleo_Character_BP.Chaos_Thylacoleo_Character_BP,Chaos_Thylacoleo
/Game/Mods/Primal_Fear/Dinos/Chaos/Guardians/Spirit/WyvernGuardian_Character_BP_Child_Spirit.WyvernGuardian_Character_BP_Child_Spirit,SpiritGuardian
/Game/Mods/Primal_Fear/Dinos/Chaos/Wyverns/Spirit/WyvernGuardian_Character_BP_Child_Spirit_Tamed.WyvernGuardian_Character_BP_Child_Spirit_Tamed,SpiritWyvern
/Game/Mods/Primal_Fear/Dinos/Chaos/Rex/Spirit/SpiritRex_Character_BP_Child.SpiritRex_Character_BP_Child,SpiritRex
/Game/Mods/Primal_Fear/Dinos/Spirit/Spirit_Griffin/Spirit_Griffin_Character_BP.Spirit_Griffin_Character_BP,Spirit_Griffin
/Game/Mods/Primal_Fear/Dinos/Spirit/Spirit_Spino/Spirit_Spino_Character_BP.Spirit_Spino_Character_BP,Spirit_Spino
/Game/Mods/Primal_Fear/Dinos/Spirit/Spirit_Thyla/Spirit_Thylacoleo_Character_BP.Spirit_Thylacoleo_Character_BP,Spirit_Thylacoleo
/Game/Mods/Primal_Fear/Dinos/Christmas/Rudolph/Reindeer_Character_BP.Reindeer_Character_BP,Rudolph
/Game/Mods/Primal_Fear/Dinos/Elder/Shadow_ChupaCabra/ShadowChupaCabra_Character_BP.ShadowChupaCabra_Character_BP,ShadowChupacabra
/Game/Mods/Primal_Fear/Dinos/Elder/Pegasus/Legendary_Pegasus_Character_BP_Child.Legendary_Pegasus_Character_BP_Child,Pegasus
/Game/Mods/Primal_Fear/Dinos/BaseResized/Brachi/Brachio_Character_BP.Brachio_Character_BP,Brachio
/Game/Mods/Primal_Fear/Dinos/BaseResized/Stygimoloch/Stygimoloch_Character_BP.Stygimoloch_Character_BP,Stygimoloch
/Game/Mods/Primal_Fear/Dinos/BaseResized/Styracosaurus/Styracosaurus_Character_BP.Styracosaurus_Character_BP,Styracosaurus
/Game/Mods/Primal_Fear/Dinos/Elder/Pegasus/FallenPegasus/Fallen_Pegasus_Character_BP.Fallen_Pegasus_Character_BP,FallenPegasus
/Game/Mods/Primal_Fear/Dinos/Elder/Pegasus/DivinePegasus/Divine_Pegasus_Character_BP.Divine_Pegasus_Character_BP,DivinePegasus
/Game/Mods/Primal_Fear/Dinos/Kamakazi/Dodo/KamikazeDodo_Character_BP_Child.KamikazeDodo_Character_BP_Child,KamkizeDodo
/Game/Mods/Primal_Fear/Dinos/Kamakazi/Dodo/NukaDodo_Character_BP_Child.NukaDodo_Character_BP_Child,NukaDodo
/Game/Mods/Primal_Fear/Dinos/Elder/Tarantula/Tarantula_Character_BP_Child.Tarantula_Character_BP_Child,Tarantula
/Game/Mods/Primal_Fear/Dinos/Tek/Blueprints/Blueprints/Primal_BionicGigant_Character_BP_Child.Primal_BionicGigant_Character_BP_Child,PrimalTekGigant
/Game/Mods/Primal_Fear/Dinos/Tek/Blueprints/Blueprints/Primal_BionicMosa_Character_BP_Child.Primal_BionicMosa_Character_BP_Child,PrimalTekMosasaur
/Game/Mods/Primal_Fear/Dinos/Tek/Blueprints/Blueprints/Primal_BionicPara_Character_BP_Child.Primal_BionicPara_Character_BP_Child,PrimalTekPara
/Game/Mods/Primal_Fear/Dinos/Tek/Blueprints/Blueprints/Primal_BionicQuetz_Character_BP_Child.Primal_BionicQuetz_Character_BP_Child,PrimalTekQuetz
/Game/Mods/Primal_Fear/Dinos/Tek/Blueprints/Blueprints/Primal_BionicRaptor_Character_BP_Child.Primal_BionicRaptor_Character_BP_Child,PrimalTekRaptor
/Game/Mods/Primal_Fear/Dinos/Tek/Blueprints/Blueprints/Primal_BionicRex_Character_BP_Child.Primal_BionicRex_Character_BP_Child,PrimalTekRex
/Game/Mods/Primal_Fear/Dinos/Tek/Blueprints/Blueprints/Primal_BionicStego_Character_BP_Child.Primal_BionicStego_Character_BP_Child,PrimalTekStego
/Game/Mods/Primal_Fear/Dinos/Tek/Blueprints/Blueprints/Primal_BionicTrike_Character_BP_Child.Primal_BionicTrike_Character_BP_Child,PrimalTekTrike
/Game/Mods/Primal_Fear/Dinos/Tek/Drone/Drone_Character_BP.Drone_Character_BP,EndDrone
/Game/Mods/Primal_Fear/Dinos/Colossus/Caustic/_CausticColossus_Character_BP._CausticColossus_Character_BP',CausticColossus
/Game/Mods/Primal_Fear/Dinos/Colossus/Electric/_ElectricColossus_Character_BP._ElectricColossus_Character_BP',ElectricColossus
/Game/Mods/Primal_Fear/Dinos/Colossus/Fire/_FireColossus_Character_BP._FireColossus_Character_BP',FireColossus
/Game/Mods/Primal_Fear/Dinos/Colossus/Ice/_IceColossus_Character_BP._IceColossus_Character_BP',IceColossus
/Game/Mods/Primal_Fear/Dinos/Colossus/Creator_Revenge/_Creator_Revenge_Colossus_Character_BP._Creator_Revenge_Colossus_Character_BP',_CreatorRevenge_Colossus
/Game/Mods/Primal_Fear/Dinos/Fallen_Demonic/Daeodon/Fallen_EvilDaeodon_Character_BP.Fallen_EvilDaeodon_Character_BP,FallenEvilDaeodon
/Game/Mods/Primal_Fear/Dinos/Fallen_Demonic/Equus/Fallen_EvilEquus_Character_BP.Fallen_EvilEquus_Character_BP,FallenEvilEquus
/Game/Mods/Primal_Fear/Dinos/Fallen_Demonic/Hyaenodon/Fallen_EvilHyaenodon_Character_BP.Fallen_EvilHyaenodon_Character_BP,FallenEvilHyaenodon
/Game/Mods/Primal_Fear/Dinos/Fallen_Demonic/Shinehorn/Fallen_EvilLanternGoat_Character_BP_Child.Fallen_EvilLanternGoat_Character_BP_Child,FallenEvilLanternGoat
/Game/Mods/Primal_Fear/Dinos/Fallen_Demonic/Glowtail/Fallen_EvilLanternLizard_Character_BP_Child.Fallen_EvilLanternLizard_Character_BP_Child,FallenEvilLanternLizard
/Game/Mods/Primal_Fear/Dinos/Fallen_Demonic/Bulbdog/Fallen_EvilLanternPug_Character_BP_Child.Fallen_EvilLanternPug_Character_BP_Child,FallenEvilLanternPug
/Game/Mods/Primal_Fear/Dinos/Fallen_Demonic/Megatherium/Fallen_EvilMegatherium_Character_BP.Fallen_EvilMegatherium_Character_BP,FallenEvilMegatherium
/Game/Mods/Primal_Fear/Dinos/Fallen_Demonic/RollRat/Fallen_EvilMoleRat_Character_BP_Child.Fallen_EvilMoleRat_Character_BP_Child,FallenEvilMoleRat
/Game/Mods/Primal_Fear/Dinos/Fallen_Demonic/Monkey/Fallen_EvilMonkey_Character_BP.Fallen_EvilMonkey_Character_BP,FallenEvilMonkey
/Game/Mods/Primal_Fear/Dinos/Fallen_Demonic/Sheep/Fallen_EvilSheep_Character_BP.Fallen_EvilSheep_Character_BP,FallenEvilSheep
/Game/Mods/Primal_Fear/Dinos/Fallen_Demonic/ThornyDragon/Fallen_EvilSpineyLizard_Character_BP.Fallen_EvilSpineyLizard_Character_BP,FallenEvilSpineyLizard
/Game/Mods/Primal_Fear/Dinos/Fallen_Demonic/Kapro/Fallen_Evil_Kaprosuchus_Character_BP.Fallen_Evil_Kaprosuchus_Character_BP,FallenEvilKaprosuchus
/Game/Mods/Primal_Fear/Dinos/Fallen_Demonic/Para/Fallen_EvilPara_Character_BP.Fallen_EvilPara_Character_BP,FallenEvilPara
/Game/Mods/Primal_Fear/Dinos/Destroyer/Destroyer_Character_BP_Male.Destroyer_Character_BP_Male,NoveTheDestroyerWild
/Game/Mods/Primal_Fear/Dinos/Destroyer/TamedVersion/Destroyer_Character_BP_Male_Tamed.Destroyer_Character_BP_Male_Tamed,NoveTheDestroyerTamed
/Game/Mods/Primal_Fear/Dinos/Omega/Allo/OmegaAllo_Character_BP.OmegaAllo_Character_BP,OmegaAllo
/Game/Mods/Primal_Fear/Dinos/Omega/Indom/OmegaIndom_Character_BP.OmegaIndom_Character_BP,OmegaIndom
/Game/Mods/Primal_Fear/Dinos/Omega/Reaper/OmegaReaper_Character_BP_Male.OmegaReaper_Character_BP_Male,OmegaReaper
/Game/Mods/Primal_Fear/Dinos/Omega/Rex/Omega_Rex_Character_BP.Omega_Rex_Character_BP,OmegaRex
/Game/Mods/Primal_Fear/Dinos/Omega/Sarco/OmegaSarco_Character_BP.OmegaSarco_Character_BP,OmegaSarco
/Game/Mods/Primal_Fear/Dinos/Omega/Spino/OmegaSpino_Character_BP.OmegaSpino_Character_BP,OmegaSpino
/Game/Mods/Primal_Fear/Dinos/Omega/Wyverns/OmegaWyvern_Character_BP_Fire.OmegaWyvern_Character_BP_Fire,OmegaWyvernFire
/Game/Mods/Primal_Fear/Dinos/Omega/Wyverns/OmegaWyvern_Character_BP_Ice.OmegaWyvern_Character_BP_Ice,OmegaWyvernIce
/Game/Mods/Primal_Fear/Dinos/Omega/Wyverns/OmegaWyvern_Character_BP_Lightning.OmegaWyvern_Character_BP_Lightning,OmegaWyvernLightning
/Game/Mods/Primal_Fear/Dinos/Omega/Wyverns/OmegaWyvern_Character_BP_Poison.OmegaWyvern_Character_BP_Poison,OmegaWyvernPoison
/Game/Mods/Primal_Fear/Dinos/Zombie/NecroticWyvern_Character_BP_ZombieFire.NecroticWyvern_Character_BP_ZombieFire,NecroticWyvernZombie
/Game/Mods/Primal_Fear/Dinos/Zombie/NecroticWyvern_Character_BP_ZombieIce.NecroticWyvern_Character_BP_ZombieIce,NecroticWyvernIce
/Game/Mods/Primal_Fear/Dinos/Zombie/NecroticWyvern_Character_BP_ZombieLightning.NecroticWyvern_Character_BP_ZombieLightning,NecroticWyvernLightning
/Game/Mods/Primal_Fear/Dinos/Zombie/NecroticWyvern_Character_BP_ZombiePoison.NecroticWyvern_Character_BP_ZombiePoison,NecroticWyvernPoison
